codigo_producto,nombre_producto,categoria,stock_actual,stock_minimo,cantidad_vendida,fecha_venta,dias_para_vencer,stock_norm,ventas_norm,nivel_rotacion,indice_rotacion,urgencia_stock,riesgo_vencimiento,rotacion_num,demanda_norm,prioridad
P0370,Plato para mascotas,Mascotas,16,74,127,2025-06-09,248,0.0208333333333333,0.8513513513513513,Alta,7.9375,4.625,0,1.0,0.8523489932885906,1.6807046979865772
P0497,Correa retractil,Mascotas,16,61,126,2025-01-12,16,0.0208333333333333,0.8445945945945946,Alta,7.875,3.8125,1,1.0,0.8456375838926175,1.5161912751677853
P0242,Luz LED USB,Electronica,12,45,106,2025-01-14,12,0.0069444444444444,0.7094594594594594,Alta,8.833333333333334,3.75,1,1.0,0.7114093959731543,1.4634228187919462
P0241,Salsa de soya,Comida Asiatica,16,79,84,2025-07-27,314,0.0208333333333333,0.5608108108108107,Media,5.25,4.9375,0,0.5,0.5637583892617449,1.4066275167785234
P0050,Vaporizador de bambu,Cocina,22,64,135,2025-11-09,36,0.0416666666666666,0.9054054054054054,Alta,6.136363636363637,2.909090909090909,0,1.0,0.9060402684563759,1.3536302623550946
P0470,Sarten antiadherente,Cocina,25,70,145,2025-06-11,234,0.0520833333333333,0.972972972972973,Alta,5.8,2.8,0,1.0,0.9731543624161074,1.3519463087248322
P0471,Audifonos Bluetooth,Electronica,22,60,111,2025-10-17,295,0.0416666666666666,0.7432432432432432,Alta,5.045454545454546,2.727272727272727,0,1.0,0.7449664429530202,1.2689444783404515
P0093,Escoba plegable,Hogar,14,37,118,2025-03-06,146,0.0138888888888888,0.7905405405405406,Alta,8.428571428571429,2.642857142857143,0,1.0,0.7919463087248322,1.266155321188878
P0426,Juguete para perro,Mascotas,28,76,109,2025-09-25,240,0.0624999999999999,0.7297297297297297,Alta,3.892857142857143,2.7142857142857144,0,1.0,0.7315436241610739,1.2623202301054652
P0138,Mini ventilador USB,Electronica,32,67,143,2025-06-02,145,0.0763888888888888,0.9594594594594594,Alta,4.46875,2.09375,0,1.0,0.959731543624161,1.2066694630872483
P0163,Crema hidratante,Belleza,17,69,57,2025-09-04,323,0.0243055555555555,0.3783783783783784,Media,3.3529411764705883,4.0588235294117645,0,0.5,0.3825503355704698,1.176529806553494
P0179,Figura Feng Shui,Decoracion,20,40,113,2025-07-06,295,0.0347222222222222,0.7567567567567568,Alta,5.65,2.0,0,1.0,0.7583892617449665,1.12751677852349
P0313,Te verde japones,Comida Asiatica,21,36,128,2025-04-06,92,0.0381944444444444,0.8581081081081081,Alta,6.095238095238095,1.7142857142857142,0,1.0,0.8590604026845637,1.100575263662512
P0076,Taza termica,Cocina,34,56,123,2025-02-22,151,0.0833333333333333,0.8243243243243243,Alta,3.6176470588235294,1.6470588235294117,0,1.0,0.825503355704698,1.0770627714172918
P0283,Cuaderno kawaii,Papeleria,45,72,118,2025-09-20,310,0.1215277777777777,0.7905405405405406,Alta,2.6222222222222222,1.6,0,1.0,0.7919463087248322,1.0575838926174497
P0186,Pijama,Ropa,21,66,80,2025-08-04,339,0.0381944444444444,0.5337837837837838,Media,3.809523809523809,3.142857142857143,0,0.5,0.5369127516778524,1.0396452540747843
P0243,Mascarilla coreana,Belleza,34,49,122,2025-05-27,55,0.0833333333333333,0.8175675675675675,Alta,3.588235294117647,1.4411764705882353,0,1.0,0.8187919463087249,1.0338728780102646
P0347,Escoba plegable,Hogar,19,25,128,2025-10-29,231,0.03125,0.8581081081081081,Alta,6.7368421052631575,1.3157894736842106,0,1.0,0.8590604026845637,1.0208760155422114
P0017,Cable Tipo C,Electronica,44,69,101,2025-05-11,257,0.1180555555555555,0.6756756756756757,Alta,2.2954545454545454,1.568181818181818,0,1.0,0.6778523489932886,1.0169920683343503
P0499,Mascarilla coreana,Belleza,54,63,132,2025-04-14,195,0.1527777777777778,0.8851351351351351,Alta,2.4444444444444446,1.1666666666666667,0,1.0,0.8859060402684564,0.9991051454138703
P0005,Taza termica,Cocina,64,68,131,2025-11-03,135,0.1875,0.8783783783783784,Alta,2.046875,1.0625,0,1.0,0.8791946308724832,0.976258389261745
P0174,Escoba plegable,Hogar,84,74,146,2025-05-08,341,0.2569444444444444,0.9797297297297296,Alta,1.738095238095238,0.8809523809523809,0,1.0,0.9798657718120806,0.9701502077341004
P0340,Pijama,Ropa,27,25,141,2025-05-29,126,0.0590277777777777,0.945945945945946,Alta,5.222222222222222,0.925925925925926,0,1.0,0.9463087248322147,0.9690778026348497
P0379,Shampoo canino,Mascotas,29,30,127,2025-03-09,214,0.0659722222222222,0.8513513513513513,Alta,4.379310344827586,1.0344827586206895,0,1.0,0.8523489932885906,0.962601249710715
P0411,Sarten antiadherente,Cocina,73,54,149,2025-11-21,304,0.21875,1.0,Alta,2.041095890410959,0.7397260273972602,0,1.0,1.0,0.9479452054794522
P0490,Crema hidratante,Belleza,12,32,70,2025-05-29,28,0.0069444444444444,0.4662162162162163,Media,5.833333333333333,2.6666666666666665,1,0.5,0.4697986577181208,0.9242729306487696
P0030,Cuaderno kawaii,Papeleria,107,74,139,2025-08-28,144,0.3368055555555555,0.9324324324324323,Alta,1.2990654205607477,0.6915887850467289,0,1.0,0.9328859060402684,0.9181835288214263
P0214,Pijama,Ropa,40,27,138,2025-06-09,363,0.1041666666666666,0.9256756756756755,Alta,3.45,0.675,0,1.0,0.9261744966442953,0.9128523489932886
P0435,Incienso japones,Decoracion,71,53,127,2025-08-11,279,0.2118055555555555,0.8513513513513513,Alta,1.7887323943661972,0.7464788732394366,0,1.0,0.8523489932885906,0.9050004726344645
P0455,Farol decorativo,Decoracion,14,60,20,2025-02-15,12,0.0138888888888888,0.1283783783783784,Baja,1.4285714285714286,4.285714285714286,1,0.0,0.1342281879194631,0.8974113135186961
P0202,Te verde japones,Comida Asiatica,72,58,117,2025-08-31,330,0.2152777777777778,0.7837837837837838,Alta,1.625,0.8055555555555556,0,1.0,0.785234899328859,0.8966815809097688
P0278,Repisa modular,Hogar,30,27,107,2025-12-02,303,0.0694444444444444,0.7162162162162162,Alta,3.566666666666667,0.9,0,1.0,0.7181208053691275,0.8954362416107383
P0107,Cepillo facial,Belleza,104,79,118,2025-01-08,360,0.3263888888888889,0.7905405405405406,Alta,1.1346153846153846,0.7596153846153846,0,1.0,0.7919463087248322,0.8895069695405265
P0360,Cable Tipo C,Electronica,87,79,103,2025-05-17,90,0.2673611111111111,0.6891891891891891,Alta,1.1839080459770115,0.9080459770114944,0,1.0,0.6912751677852349,0.8889917457378693
P0097,Palillos chinos,Cocina,94,77,110,2025-01-01,51,0.2916666666666667,0.7364864864864865,Alta,1.1702127659574468,0.8191489361702128,0,1.0,0.738255033557047,0.8853062973011567
P0084,Palillos chinos,Cocina,150,62,148,2025-11-13,361,0.486111111111111,0.9932432432432432,Alta,0.9866666666666668,0.4133333333333333,0,1.0,0.9932885906040269,0.8806532438478747
P0489,Lapicero gel,Papeleria,109,49,137,2025-08-04,264,0.34375,0.918918918918919,Alta,1.256880733944954,0.4495412844036697,0,1.0,0.9194630872483222,0.8657471830552306
P0078,Figura Feng Shui,Decoracion,224,79,146,2025-08-27,76,0.7430555555555555,0.9797297297297296,Alta,0.6517857142857143,0.3526785714285714,0,1.0,0.9798657718120806,0.8644954458293385
P0205,Shampoo canino,Mascotas,187,66,145,2025-08-04,3,0.6145833333333333,0.972972972972973,Alta,0.7754010695187166,0.3529411764705882,1,1.0,0.9731543624161074,0.8625345440189498
P0154,Medias termicas,Ropa,84,42,130,2025-07-29,347,0.2569444444444444,0.8716216216216216,Alta,1.5476190476190477,0.5,0,1.0,0.87248322147651,0.861744966442953
P0460,Arena para gato,Mascotas,234,76,147,2025-03-04,294,0.7777777777777778,0.9864864864864864,Alta,0.6282051282051282,0.3247863247863248,0,1.0,0.9865771812080537,0.8609304193196811
P0022,Salsa de soya,Comida Asiatica,137,66,129,2025-10-10,121,0.4409722222222222,0.8648648648648649,Alta,0.9416058394160584,0.4817518248175182,0,1.0,0.8657718120805369,0.8560819085876648
P0350,Sarten antiadherente,Cocina,79,60,101,2025-07-05,132,0.2395833333333333,0.6756756756756757,Alta,1.2784810126582278,0.759493670886076,0,1.0,0.6778523489932886,0.8552544388752018
P0056,Repisa modular,Hogar,115,34,147,2025-05-25,120,0.3645833333333333,0.9864864864864864,Alta,1.2782608695652171,0.2956521739130435,0,1.0,0.9865771812080537,0.8551035891450248
P0234,Polo basico,Ropa,111,45,136,2025-09-24,214,0.3506944444444444,0.9121621621621622,Alta,1.2252252252252251,0.4054054054054054,0,1.0,0.912751677852349,0.8549065844367858
P0457,Fideos udon,Comida Asiatica,237,79,143,2025-07-22,192,0.7881944444444444,0.9594594594594594,Alta,0.6033755274261603,0.3333333333333333,0,1.0,0.959731543624161,0.854586129753915
P0166,Lapicero gel,Papeleria,174,58,142,2025-08-11,311,0.5694444444444444,0.9527027027027029,Alta,0.8160919540229885,0.3333333333333333,0,1.0,0.9530201342281879,0.852572706935123
P0045,Figura Feng Shui,Decoracion,108,64,116,2025-07-10,253,0.3402777777777778,0.777027027027027,Alta,1.0740740740740742,0.5925925925925926,0,1.0,0.7785234899328859,0.8520755654983843
P0482,Palillos chinos,Cocina,207,60,145,2025-07-05,218,0.6840277777777778,0.972972972972973,Alta,0.7004830917874396,0.2898550724637681,0,1.0,0.9731543624161074,0.8499173232175858
P0091,Incienso japones,Decoracion,237,68,145,2025-07-20,212,0.7881944444444444,0.972972972972973,Alta,0.6118143459915611,0.2869198312236287,0,1.0,0.9731543624161074,0.8493302749695579
P0362,Shampoo canino,Mascotas,207,55,147,2025-02-04,302,0.6840277777777778,0.9864864864864864,Alta,0.7101449275362319,0.2657004830917874,0,1.0,0.9865771812080537,0.8491132509807736
P0334,Mochi,Comida Asiatica,87,45,122,2025-04-29,190,0.2673611111111111,0.8175675675675675,Alta,1.4022988505747127,0.5172413793103449,0,1.0,0.8187919463087249,0.8490858597546864
P0219,Incienso japones,Decoracion,287,72,148,2025-12-18,242,0.9618055555555556,0.9932432432432432,Alta,0.5156794425087108,0.2508710801393728,0,1.0,0.9932885906040269,0.8481607932090826
P0309,Crema hidratante,Belleza,82,19,149,2025-06-12,66,0.25,1.0,Alta,1.8170731707317076,0.2317073170731707,0,1.0,1.0,0.8463414634146342
P0281,Taza termica,Cocina,153,40,146,2025-01-02,77,0.4965277777777778,0.9797297297297296,Alta,0.954248366013072,0.261437908496732,0,1.0,0.9798657718120806,0.8462473132429706
P0100,Juguete para perro,Mascotas,231,61,145,2025-04-22,255,0.767361111111111,0.972972972972973,Alta,0.6277056277056277,0.264069264069264,0,1.0,0.9731543624161074,0.8447601615386849
P0175,Ramen coreano,Comida Asiatica,43,21,122,2025-03-17,87,0.1145833333333333,0.8175675675675675,Alta,2.8372093023255816,0.4883720930232558,0,1.0,0.8187919463087249,0.8433120024972687
P0142,Fideos udon,Comida Asiatica,19,9,123,2025-11-26,353,0.03125,0.8243243243243243,Alta,6.473684210526316,0.4736842105263157,0,1.0,0.825503355704698,0.8423878488166725
P0046,Figura Feng Shui,Decoracion,170,71,128,2025-01-18,281,0.5555555555555556,0.8581081081081081,Alta,0.7529411764705882,0.4176470588235294,0,1.0,0.8590604026845637,0.841247532570075
P0312,Luz LED USB,Electronica,34,17,117,2025-01-25,79,0.0833333333333333,0.7837837837837838,Alta,3.4411764705882355,0.5,0,1.0,0.785234899328859,0.8355704697986577
P0058,Cepillo facial,Belleza,138,62,122,2025-01-01,239,0.4444444444444444,0.8175675675675675,Alta,0.8840579710144928,0.4492753623188406,0,1.0,0.8187919463087249,0.8354926563563856
P0180,Stickers decorativos,Papeleria,107,59,111,2025-06-01,246,0.3368055555555555,0.7432432432432432,Alta,1.0373831775700937,0.5514018691588785,0,1.0,0.7449664429530202,0.8337703067176817
P0087,Mini ventilador USB,Electronica,212,40,147,2025-01-20,47,0.7013888888888888,0.9864864864864864,Alta,0.6933962264150944,0.1886792452830188,0,1.0,0.9865771812080537,0.8337090034190199
P0335,Caja multiuso,Hogar,158,40,140,2025-12-13,258,0.5138888888888888,0.9391891891891893,Alta,0.8860759493670886,0.2531645569620253,0,1.0,0.9395973154362416,0.8325121060232776
P0416,Ramen coreano,Comida Asiatica,166,55,132,2025-11-07,348,0.5416666666666666,0.8851351351351351,Alta,0.7951807228915663,0.3313253012048193,0,1.0,0.8859060402684564,0.8320368723215008
P0483,Juguete para perro,Mascotas,226,59,138,2025-06-24,23,0.75,0.9256756756756755,Alta,0.6106194690265486,0.2610619469026549,1,1.0,0.9261744966442953,0.8300647383738196
P0013,Pijama,Ropa,18,5,136,2025-03-04,139,0.0277777777777777,0.9121621621621622,Alta,7.555555555555555,0.2777777777777778,0,1.0,0.912751677852349,0.8293810589112602
P0130,Figura Feng Shui,Decoracion,147,48,130,2025-01-13,168,0.4756944444444444,0.8716216216216216,Alta,0.8843537414965986,0.3265306122448979,0,1.0,0.87248322147651,0.8270510888919326
P0391,Pijama,Ropa,205,29,148,2025-06-03,133,0.6770833333333333,0.9932432432432432,Alta,0.7219512195121951,0.1414634146341463,0,1.0,0.9932885906040269,0.8262792601080373
P0207,Pijama,Ropa,132,33,137,2025-07-14,226,0.4236111111111111,0.918918918918919,Alta,1.0378787878787878,0.25,0,1.0,0.9194630872483222,0.8258389261744967
P0074,Palillos chinos,Cocina,109,16,147,2025-03-17,265,0.34375,0.9864864864864864,Alta,1.348623853211009,0.146788990825688,0,1.0,0.9865771812080537,0.8253309525275537
P0181,Mini ventilador USB,Electronica,298,40,148,2025-08-15,244,1.0,0.9932432432432432,Alta,0.4966442953020134,0.1342281879194631,0,1.0,0.9932885906040269,0.8248322147651006
P0406,Mascarilla coreana,Belleza,284,51,142,2025-04-30,317,0.9513888888888888,0.9527027027027029,Alta,0.5,0.1795774647887324,0,1.0,0.9530201342281879,0.8218215332262028
P0002,Sarten antiadherente,Cocina,97,28,131,2025-05-30,309,0.3020833333333333,0.8783783783783784,Alta,1.350515463917526,0.2886597938144329,0,1.0,0.8791946308724832,0.8214903480246316
P0126,Lapicero gel,Papeleria,182,48,133,2025-11-22,118,0.5972222222222222,0.8918918918918919,Alta,0.7307692307692307,0.2637362637362637,0,1.0,0.8926174496644296,0.8205324876465816
P0177,Lapicero gel,Papeleria,277,57,138,2025-06-22,190,0.9270833333333331,0.9256756756756755,Alta,0.4981949458483754,0.2057761732851985,0,1.0,0.9261744966442953,0.8190075836503283
P0480,Cuaderno kawaii,Papeleria,166,32,139,2025-05-01,65,0.5416666666666666,0.9324324324324323,Alta,0.8373493975903614,0.1927710843373494,0,1.0,0.9328859060402684,0.8184199886795503
P0273,Juguete para perro,Mascotas,208,19,149,2025-11-12,93,0.6875,1.0,Alta,0.7163461538461539,0.0913461538461538,0,1.0,1.0,0.8182692307692307
P0226,Figura Feng Shui,Decoracion,93,10,147,2025-09-14,58,0.2881944444444444,0.9864864864864864,Alta,1.5806451612903225,0.1075268817204301,0,1.0,0.9865771812080537,0.8174785307065021
P0314,Fideos udon,Comida Asiatica,169,47,130,2025-03-01,151,0.5520833333333333,0.8716216216216216,Alta,0.7692307692307693,0.2781065088757396,0,1.0,0.87248322147651,0.8173662682181009
P0412,Te verde japones,Comida Asiatica,181,37,137,2025-11-20,35,0.59375,0.918918918918919,Alta,0.7569060773480663,0.2044198895027624,0,1.0,0.9194630872483222,0.8167229040750492
P0304,Shampoo canino,Mascotas,281,42,142,2025-10-19,151,0.9409722222222222,0.9527027027027029,Alta,0.505338078291815,0.1494661921708185,0,1.0,0.9530201342281879,0.81579927870262
P0323,Ramen coreano,Comida Asiatica,197,15,149,2025-11-04,256,0.6493055555555556,1.0,Alta,0.7563451776649747,0.0761421319796954,0,1.0,1.0,0.8152284263959392
P0065,Fideos udon,Comida Asiatica,169,28,140,2025-06-27,163,0.5520833333333333,0.9391891891891893,Alta,0.8284023668639053,0.165680473372781,0,1.0,0.9395973154362416,0.8150152893054288
P0158,Juguete para perro,Mascotas,127,67,104,2025-02-18,327,0.40625,0.6959459459459459,Alta,0.8188976377952756,0.5275590551181102,0,1.0,0.697986577181208,0.8149077841779845
P0449,Polo basico,Ropa,171,57,123,2025-12-09,42,0.5590277777777778,0.8243243243243243,Alta,0.7192982456140351,0.3333333333333333,0,1.0,0.825503355704698,0.814317673378076
P0037,Taza termica,Cocina,161,58,120,2025-06-10,116,0.5243055555555556,0.8040540540540541,Alta,0.7453416149068323,0.3602484472049689,0,1.0,0.8053691275167785,0.8136604276960273
P0418,Stickers decorativos,Papeleria,271,29,145,2025-03-02,268,0.90625,0.972972972972973,Alta,0.5350553505535055,0.1070110701107011,0,1.0,0.9731543624161074,0.8133485227469724
P0446,Farol decorativo,Decoracion,131,41,124,2025-12-23,35,0.4201388888888889,0.8310810810810811,Alta,0.9465648854961832,0.3129770992366412,0,1.0,0.8322147651006712,0.8122598493775295
P0104,Palillos chinos,Cocina,142,33,132,2025-05-18,184,0.4583333333333333,0.8851351351351351,Alta,0.9295774647887324,0.2323943661971831,0,1.0,0.8859060402684564,0.8122506853199736
P0390,Luz LED USB,Electronica,232,63,128,2025-10-10,325,0.7708333333333333,0.8581081081081081,Alta,0.5517241379310345,0.271551724137931,0,1.0,0.8590604026845637,0.8120284656329554
P0115,Stickers decorativos,Papeleria,16,7,111,2025-08-26,363,0.0208333333333333,0.7432432432432432,Alta,6.9375,0.4375,0,1.0,0.7449664429530202,0.810989932885906
P0425,Mascarilla coreana,Belleza,201,15,147,2025-11-29,127,0.6631944444444444,0.9864864864864864,Alta,0.7313432835820896,0.0746268656716417,0,1.0,0.9865771812080537,0.8108985274967444
P0095,Shampoo canino,Mascotas,107,5,149,2025-11-07,6,0.3368055555555555,1.0,Alta,1.3925233644859814,0.0467289719626168,1,1.0,1.0,0.8093457943925234
P0392,Palillos chinos,Cocina,274,54,134,2025-07-30,60,0.9166666666666666,0.8986486486486487,Alta,0.4890510948905109,0.1970802919708029,0,1.0,0.8993288590604027,0.8092147161122815
P0225,Salsa de soya,Comida Asiatica,36,71,81,2025-08-24,92,0.0902777777777777,0.5405405405405406,Media,2.25,1.9722222222222223,0,0.5,0.5436241610738255,0.8075316927665921
P0048,Crema hidratante,Belleza,136,31,130,2025-09-30,104,0.4375,0.8716216216216216,Alta,0.9558823529411764,0.2279411764705882,0,1.0,0.87248322147651,0.8073332017370706
P0070,Cuaderno kawaii,Papeleria,286,40,138,2025-12-23,192,0.9583333333333331,0.9256756756756755,Alta,0.4825174825174825,0.1398601398601398,0,1.0,0.9261744966442953,0.8058243769653165
P0359,Arena para gato,Mascotas,207,8,148,2025-08-28,47,0.6840277777777778,0.9932432432432432,Alta,0.714975845410628,0.038647342995169,0,1.0,0.9932885906040269,0.8057160457802418
P0300,Pijama,Ropa,217,66,121,2025-02-24,12,0.71875,0.8108108108108109,Alta,0.5576036866359447,0.304147465437788,1,1.0,0.8120805369127517,0.804453654161383
P0348,Organizador plastico,Hogar,121,17,137,2025-03-27,234,0.3854166666666666,0.918918918918919,Alta,1.1322314049586777,0.140495867768595,0,1.0,0.9194630872483222,0.8039380997282157
P0029,Audifonos Bluetooth,Electronica,256,72,123,2025-09-12,294,0.8541666666666666,0.8243243243243243,Alta,0.48046875,0.28125,0,1.0,0.825503355704698,0.8039010067114094
P0284,Juguete para perro,Mascotas,182,51,123,2025-05-21,118,0.5972222222222222,0.8243243243243243,Alta,0.6758241758241759,0.2802197802197802,0,1.0,0.825503355704698,0.8036949627553654
P0007,Caja multiuso,Hogar,274,57,130,2025-12-06,92,0.9166666666666666,0.8716216216216216,Alta,0.4744525547445255,0.2080291970802919,0,1.0,0.87248322147651,0.8033508058590113
P0486,Farol decorativo,Decoracion,110,52,103,2025-01-28,41,0.3472222222222222,0.6891891891891891,Alta,0.9363636363636364,0.4727272727272727,0,1.0,0.6912751677852349,0.8019280048810249
P0496,Juguete para perro,Mascotas,195,31,134,2025-08-12,153,0.642361111111111,0.8986486486486487,Alta,0.6871794871794872,0.1589743589743589,0,1.0,0.8993288590604027,0.8015935295129926
P0106,Organizador plastico,Hogar,135,47,115,2025-04-21,249,0.4340277777777778,0.7702702702702703,Alta,0.8518518518518519,0.3481481481481481,0,1.0,0.7718120805369127,0.8011732537907034
P0331,Lapicero gel,Papeleria,237,15,143,2025-07-30,28,0.7881944444444444,0.9594594594594594,Alta,0.6033755274261603,0.0632911392405063,1,1.0,0.959731543624161,0.8005776909353496
P0051,Ramen coreano,Comida Asiatica,273,20,142,2025-05-23,92,0.9131944444444444,0.9527027027027029,Alta,0.5201465201465202,0.0732600732600732,0,1.0,0.9530201342281879,0.8005580549204709
P0308,Vaporizador de bambu,Cocina,225,34,134,2025-03-08,336,0.7465277777777778,0.8986486486486487,Alta,0.5955555555555555,0.1511111111111111,0,1.0,0.8993288590604027,0.8000208799403431
P0301,Juguete para perro,Mascotas,145,7,144,2025-01-30,237,0.46875,0.9662162162162162,Alta,0.993103448275862,0.0482758620689655,0,1.0,0.9664429530201343,0.7995880583198334
P0222,Salsa de soya,Comida Asiatica,236,56,125,2025-01-07,29,0.7847222222222222,0.8378378378378378,Alta,0.5296610169491526,0.2372881355932203,1,1.0,0.8389261744966443,0.7991354794676374
P0373,Sarten antiadherente,Cocina,170,54,117,2025-07-15,327,0.5555555555555556,0.7837837837837838,Alta,0.6882352941176471,0.3176470588235294,0,1.0,0.785234899328859,0.7990998815633635
P0321,Farol decorativo,Decoracion,239,25,138,2025-11-10,65,0.7951388888888888,0.9256756756756755,Alta,0.5774058577405857,0.104602510460251,0,1.0,0.9261744966442953,0.7987728510853388
P0433,Organizador plastico,Hogar,175,7,144,2025-12-16,296,0.5729166666666666,0.9662162162162162,Alta,0.8228571428571428,0.04,0,1.0,0.9664429530201343,0.7979328859060403
P0129,Te verde japones,Comida Asiatica,268,37,134,2025-06-27,10,0.8958333333333333,0.8986486486486487,Alta,0.5,0.1380597014925373,1,1.0,0.8993288590604027,0.7974105980166283
P0159,Shampoo canino,Mascotas,224,55,123,2025-07-30,318,0.7430555555555555,0.8243243243243243,Alta,0.5491071428571429,0.2455357142857142,0,1.0,0.825503355704698,0.7967581495685522
P0290,Figura Feng Shui,Decoracion,169,15,138,2025-03-19,77,0.5520833333333333,0.9256756756756755,Alta,0.8165680473372781,0.0887573964497041,0,1.0,0.9261744966442953,0.7956038282832294
P0085,Mascarilla coreana,Belleza,199,67,113,2025-11-08,117,0.65625,0.7567567567567568,Alta,0.5678391959798995,0.3366834170854271,0,1.0,0.7583892617449665,0.7948534619405754
P0339,Cuaderno kawaii,Papeleria,131,36,119,2025-02-08,268,0.4201388888888889,0.7972972972972973,Alta,0.9083969465648856,0.2748091603053435,0,1.0,0.7986577181208053,0.7945591474973104
P0330,Shampoo canino,Mascotas,161,21,133,2025-05-28,277,0.5243055555555556,0.8918918918918919,Alta,0.8260869565217391,0.1304347826086956,0,1.0,0.8926174496644296,0.7938721914210679
P0380,Cuaderno kawaii,Papeleria,88,18,125,2025-06-17,58,0.2708333333333333,0.8378378378378378,Alta,1.4204545454545454,0.2045454545454545,0,1.0,0.8389261744966443,0.7925869432580842
P0357,Taza termica,Cocina,182,59,113,2025-07-02,146,0.5972222222222222,0.7567567567567568,Alta,0.6208791208791209,0.3241758241758242,0,1.0,0.7583892617449665,0.7923519433586548
P0079,Medias termicas,Ropa,262,11,141,2025-06-17,170,0.875,0.945945945945946,Alta,0.5381679389312977,0.0419847328244274,0,1.0,0.9463087248322147,0.7922895640145499
P0252,Crema hidratante,Belleza,23,6,119,2025-10-20,325,0.0451388888888888,0.7972972972972973,Alta,5.173913043478261,0.2608695652173913,0,1.0,0.7986577181208053,0.7917712284797199
P0364,Fideos udon,Comida Asiatica,269,43,129,2025-10-07,313,0.8993055555555555,0.8648648648648649,Alta,0.4795539033457249,0.1598513011152416,0,1.0,0.8657718120805369,0.7917018038472093
P0262,Te verde japones,Comida Asiatica,251,47,126,2025-08-05,306,0.8368055555555555,0.8445945945945946,Alta,0.50199203187251,0.1872509960159362,0,1.0,0.8456375838926175,0.7911414743709725
P0006,Incienso japones,Decoracion,176,22,132,2025-03-30,316,0.5763888888888888,0.8851351351351351,Alta,0.75,0.125,0,1.0,0.8859060402684564,0.7907718120805369
P0453,Cuaderno kawaii,Papeleria,154,40,118,2025-05-27,64,0.5,0.7905405405405406,Alta,0.7662337662337663,0.2597402597402597,0,1.0,0.7919463087248322,0.7895319445655016
P0040,Salsa de soya,Comida Asiatica,137,37,115,2025-01-22,238,0.4409722222222222,0.7702702702702703,Alta,0.8394160583941606,0.2700729927007299,0,1.0,0.7718120805369127,0.7855582227012198
P0468,Stickers decorativos,Papeleria,274,38,128,2025-09-17,358,0.9166666666666666,0.8581081081081081,Alta,0.4671532846715328,0.1386861313868613,0,1.0,0.8590604026845637,0.7854553470827415
P0143,Luz LED USB,Electronica,168,51,109,2025-08-04,184,0.548611111111111,0.7297297297297297,Alta,0.6488095238095238,0.3035714285714285,0,1.0,0.7315436241610739,0.7801773729626079
P0250,Sarten antiadherente,Cocina,195,16,131,2025-08-25,18,0.642361111111111,0.8783783783783784,Alta,0.6717948717948717,0.082051282051282,1,1.0,0.8791946308724832,0.7801686456720014
P0466,Incienso japones,Decoracion,241,12,133,2025-07-07,128,0.8020833333333333,0.8918918918918919,Alta,0.5518672199170125,0.0497925311203319,0,1.0,0.8926174496644296,0.7777437411233952
P0237,Arena para gato,Mascotas,86,30,103,2025-07-13,166,0.2638888888888889,0.6891891891891891,Alta,1.197674418604651,0.3488372093023256,0,1.0,0.6912751677852349,0.7771499921960355
P0475,Mochi,Comida Asiatica,157,36,114,2025-01-14,178,0.5104166666666666,0.7635135135135135,Alta,0.7261146496815286,0.2292993630573248,0,1.0,0.7651006711409396,0.7753900739537468
P0089,Mascarilla coreana,Belleza,21,78,16,2025-12-24,156,0.0381944444444444,0.1013513513513513,Baja,0.7619047619047619,3.7142857142857135,0,0.0,0.10738255033557047,0.7750719079578139
P0184,Cepillo facial,Belleza,140,48,102,2025-12-20,12,0.4513888888888889,0.6824324324324325,Alta,0.7285714285714285,0.3428571428571428,1,1.0,0.6845637583892618,0.7739405560882071
P0171,Cuaderno kawaii,Papeleria,211,34,120,2025-02-28,215,0.6979166666666666,0.8040540540540541,Alta,0.5687203791469194,0.1611374407582938,0,1.0,0.8053691275167785,0.7738382264066923
P0398,Crema hidratante,Belleza,210,24,124,2025-01-01,247,0.6944444444444444,0.8310810810810811,Alta,0.5904761904761905,0.1142857142857142,0,1.0,0.8322147651006712,0.7725215723873441
P0289,Taza termica,Cocina,235,37,119,2025-05-29,150,0.78125,0.7972972972972973,Alta,0.5063829787234042,0.1574468085106383,0,1.0,0.7986577181208053,0.7710866771383693
P0346,Cuaderno kawaii,Papeleria,270,7,132,2025-04-14,224,0.9027777777777778,0.8851351351351351,Alta,0.4888888888888889,0.0259259259259259,0,1.0,0.8859060402684564,0.7709569972657221
P0437,Mascarilla coreana,Belleza,131,34,108,2025-12-20,288,0.4201388888888889,0.722972972972973,Alta,0.8244274809160306,0.2595419847328244,0,1.0,0.7248322147651006,0.7693580613760951
P0320,Luz LED USB,Electronica,238,9,130,2025-03-03,219,0.7916666666666666,0.8716216216216216,Alta,0.5462184873949579,0.0378151260504201,0,1.0,0.87248322147651,0.769307991653037
P0146,Figura Feng Shui,Decoracion,263,78,104,2025-02-07,134,0.8784722222222222,0.6959459459459459,Alta,0.3954372623574144,0.2965779467680608,0,1.0,0.697986577181208,0.7687115625079746
P0099,Crema hidratante,Belleza,259,38,118,2025-09-16,306,0.8645833333333333,0.7905405405405406,Alta,0.4555984555984556,0.1467181467181467,0,1.0,0.7919463087248322,0.7669275219610789
P0183,Arena para gato,Mascotas,226,65,104,2025-02-11,25,0.75,0.6959459459459459,Alta,0.4601769911504424,0.2876106194690265,1,1.0,0.697986577181208,0.7669180970481677
P0377,Caja multiuso,Hogar,107,20,112,2025-05-05,167,0.3368055555555555,0.75,Alta,1.0467289719626167,0.1869158878504672,0,1.0,0.7516778523489933,0.7628865332747914
P0326,Arena para gato,Mascotas,201,21,120,2025-05-09,130,0.6631944444444444,0.8040540540540541,Alta,0.5970149253731343,0.1044776119402985,0,1.0,0.8053691275167785,0.7625062606430932
P0349,Audifonos Bluetooth,Electronica,218,18,121,2025-01-20,75,0.7222222222222222,0.8108108108108109,Alta,0.555045871559633,0.0825688073394495,0,1.0,0.8120805369127517,0.7601379225417153
P0047,Luz LED USB,Electronica,183,28,114,2025-10-15,342,0.6006944444444444,0.7635135135135135,Alta,0.6229508196721312,0.1530054644808743,0,1.0,0.7651006711409396,0.7601312942384567
P0419,Luz LED USB,Electronica,292,12,124,2025-12-28,93,0.9791666666666666,0.8310810810810811,Alta,0.4246575342465753,0.0410958904109589,0,1.0,0.8322147651006712,0.757883607612393
P0464,Medias termicas,Ropa,172,23,114,2025-09-21,282,0.5625,0.7635135135135135,Alta,0.6627906976744186,0.1337209302325581,0,1.0,0.7651006711409396,0.7562743873887935
P0116,Caja multiuso,Hogar,236,19,119,2025-01-28,202,0.7847222222222222,0.7972972972972973,Alta,0.5042372881355932,0.0805084745762711,0,1.0,0.7986577181208053,0.7556990103514959
P0119,Escoba plegable,Hogar,237,38,111,2025-09-21,236,0.7881944444444444,0.7432432432432432,Alta,0.4683544303797468,0.160337552742616,0,1.0,0.7449664429530202,0.7555574434344292
P0066,Arena para gato,Mascotas,188,47,101,2025-09-25,323,0.6180555555555556,0.6756756756756757,Alta,0.5372340425531915,0.25,0,1.0,0.6778523489932886,0.7533557046979866
P0386,Palillos chinos,Cocina,268,31,114,2025-12-29,40,0.8958333333333333,0.7635135135135135,Alta,0.4253731343283582,0.1156716417910447,0,1.0,0.7651006711409396,0.7526645297004908
P0114,Fideos udon,Comida Asiatica,37,6,109,2025-06-03,14,0.0937499999999999,0.7297297297297297,Alta,2.945945945945946,0.1621621621621621,1,1.0,0.7315436241610739,0.7518955196807546
P0127,Salsa de soya,Comida Asiatica,221,24,113,2025-05-20,47,0.7326388888888888,0.7567567567567568,Alta,0.5113122171945701,0.1085972850678733,0,1.0,0.7583892617449665,0.7492362355370646
P0447,Crema hidratante,Belleza,205,22,113,2025-10-12,77,0.6770833333333333,0.7567567567567568,Alta,0.551219512195122,0.1073170731707317,0,1.0,0.7583892617449665,0.7489801931576363
P0042,Organizador plastico,Hogar,295,32,111,2025-11-13,304,0.9895833333333334,0.7432432432432432,Alta,0.376271186440678,0.1084745762711864,0,1.0,0.7449664429530202,0.7451848481401433
P0344,Incienso japones,Decoracion,193,7,118,2025-01-19,23,0.6354166666666666,0.7905405405405406,Alta,0.6113989637305699,0.0362694300518134,1,1.0,0.7919463087248322,0.7448377786278123
P0169,Figura Feng Shui,Decoracion,243,6,119,2025-01-20,261,0.8090277777777778,0.7972972972972973,Alta,0.4897119341563786,0.0246913580246913,0,1.0,0.7986577181208053,0.7445355870411798
P0274,Polo basico,Ropa,233,39,102,2025-09-24,355,0.7743055555555555,0.6824324324324325,Alta,0.4377682403433476,0.167381974248927,0,1.0,0.6845637583892618,0.7388455223665639
P0113,Correa retractil,Mascotas,266,12,113,2025-12-21,253,0.8888888888888888,0.7567567567567568,Alta,0.424812030075188,0.0451127819548872,0,1.0,0.7583892617449665,0.7365393349144674
P0238,Crema hidratante,Belleza,183,19,106,2025-11-01,360,0.6006944444444444,0.7094594594594594,Alta,0.5792349726775956,0.1038251366120218,0,1.0,0.7114093959731543,0.7341878461143506
P0436,Cuaderno kawaii,Papeleria,293,25,107,2025-05-26,99,0.982638888888889,0.7162162162162162,Alta,0.3651877133105802,0.0853242320819112,0,1.0,0.7181208053691275,0.7325010880271206
P0197,Pijama,Ropa,275,34,103,2025-12-06,65,0.9201388888888888,0.6891891891891891,Alta,0.3745454545454545,0.1236363636363636,0,1.0,0.6912751677852349,0.7321098230628431
P0299,Lapicero gel,Papeleria,45,73,77,2025-10-14,303,0.1215277777777777,0.5135135135135135,Media,1.711111111111111,1.6222222222222222,0,0.5,0.5167785234899329,0.7294780014914244
P0259,Stickers decorativos,Papeleria,216,10,108,2025-09-08,334,0.7152777777777778,0.722972972972973,Alta,0.5,0.0462962962962962,0,1.0,0.7248322147651006,0.7267089236887894
P0302,Cepillo facial,Belleza,113,9,104,2025-09-05,364,0.3576388888888889,0.6959459459459459,Alta,0.9203539823008848,0.079646017699115,0,1.0,0.697986577181208,0.7253251766941854
P0147,Stickers decorativos,Papeleria,227,17,104,2025-07-29,111,0.7534722222222222,0.6959459459459459,Alta,0.4581497797356828,0.0748898678414096,0,1.0,0.697986577181208,0.7243739467226443
P0345,Cepillo facial,Belleza,290,12,106,2025-07-05,144,0.9722222222222222,0.7094594594594594,Alta,0.3655172413793103,0.0413793103448275,0,1.0,0.7114093959731543,0.7216986808609117
P0018,Farol decorativo,Decoracion,264,18,103,2025-10-10,207,0.8819444444444444,0.6891891891891891,Alta,0.3901515151515151,0.0681818181818181,0,1.0,0.6912751677852349,0.7210189139719341
P0271,Pijama,Ropa,107,8,102,2025-01-19,82,0.3368055555555555,0.6824324324324325,Alta,0.9532710280373832,0.0747663551401869,0,1.0,0.6845637583892618,0.7203223985448158
P0333,Cable Tipo C,Electronica,229,12,104,2025-11-25,49,0.7604166666666666,0.6959459459459459,Alta,0.4541484716157205,0.0524017467248908,0,1.0,0.697986577181208,0.7198763224993406
P0484,Incienso japones,Decoracion,244,17,101,2025-01-24,364,0.8125,0.6756756756756757,Alta,0.4139344262295082,0.0696721311475409,0,1.0,0.6778523489932886,0.7172901309274947
P0023,Te verde japones,Comida Asiatica,242,7,103,2025-07-17,137,0.8055555555555555,0.6891891891891891,Alta,0.4256198347107438,0.0289256198347107,0,1.0,0.6912751677852349,0.7131676743025126
P0157,Organizador plastico,Hogar,58,75,81,2025-03-25,361,0.1666666666666666,0.5405405405405406,Media,1.396551724137931,1.293103448275862,0,0.5,0.5436241610738255,0.6717079379773201
P0316,Organizador plastico,Hogar,65,77,83,2025-04-09,149,0.1909722222222222,0.5540540540540541,Media,1.2769230769230768,1.1846153846153846,0,0.5,0.5570469798657718,0.6540371708828084
P0253,Mini ventilador USB,Electronica,50,66,60,2025-04-21,14,0.1388888888888889,0.3986486486486487,Media,1.2,1.32,1,0.5,0.40268456375838924,0.6348053691275168
P0134,Lapicero gel,Papeleria,69,68,93,2025-11-24,267,0.2048611111111111,0.6216216216216216,Media,1.3478260869565215,0.9855072463768116,0,0.5,0.6241610738255033,0.6343497714230133
P0417,Mochi,Comida Asiatica,76,70,91,2025-12-27,257,0.2291666666666666,0.6081081081081081,Media,1.1973684210526316,0.9210526315789472,0,0.5,0.610738255033557,0.6174320028258566
P0267,Cuaderno kawaii,Papeleria,85,76,89,2025-10-29,289,0.2604166666666667,0.5945945945945946,Media,1.0470588235294118,0.8941176470588236,0,0.5,0.5973154362416108,0.6080181602842479
P0057,Taza termica,Cocina,67,59,90,2025-08-17,117,0.1979166666666666,0.6013513513513513,Media,1.3432835820895523,0.8805970149253731,0,0.5,0.6040268456375839,0.6073274566763498
P0307,Farol decorativo,Decoracion,21,53,42,2025-06-15,82,0.0381944444444444,0.277027027027027,Baja,2.0,2.523809523809524,0,0.0,0.28187919463087246,0.5893256631511666
P0083,Cable Tipo C,Electronica,100,78,90,2025-01-19,39,0.3125,0.6013513513513513,Media,0.9,0.78,0,0.5,0.6040268456375839,0.5872080536912752
P0211,Vaporizador de bambu,Cocina,65,44,98,2025-02-09,347,0.1909722222222222,0.6554054054054054,Media,1.5076923076923077,0.676923076923077,0,0.5,0.6577181208053692,0.5827000516262262
P0016,Cepillo facial,Belleza,71,41,99,2025-06-21,360,0.2118055555555555,0.6621621621621622,Media,1.3943661971830985,0.5774647887323944,0,0.5,0.6644295302013423,0.5648218168068815
P0315,Sarten antiadherente,Cocina,14,38,10,2025-12-11,130,0.0138888888888888,0.0608108108108108,Baja,0.7142857142857143,2.7142857142857144,0,0.0,0.06711409395973154,0.5629913710450624
P0215,Farol decorativo,Decoracion,48,35,82,2025-12-22,258,0.1319444444444444,0.5472972972972973,Media,1.7083333333333333,0.7291666666666666,0,0.5,0.5503355704697986,0.560934004474273
P0086,Luz LED USB,Electronica,53,49,61,2025-10-30,149,0.1493055555555555,0.4054054054054054,Media,1.150943396226415,0.9245283018867924,0,0.5,0.40939597315436244,0.5577244523236672
P0053,Luz LED USB,Electronica,67,53,70,2025-09-28,54,0.1979166666666666,0.4662162162162163,Media,1.044776119402985,0.7910447761194029,0,0.5,0.4697986577181208,0.5491485525393168
P0009,Fideos udon,Comida Asiatica,11,10,54,2025-04-16,260,0.0034722222222222,0.3581081081081081,Media,4.909090909090909,0.9090909090909092,0,0.5,0.3624161073825503,0.5405430140329469
P0478,Escoba plegable,Hogar,84,53,79,2025-08-29,349,0.2569444444444444,0.527027027027027,Media,0.9404761904761904,0.6309523809523809,0,0.5,0.5302013422818792,0.53525087887504
P0218,Cable Tipo C,Electronica,83,67,60,2025-12-01,222,0.2534722222222222,0.3986486486486487,Media,0.7228915662650602,0.8072289156626506,0,0.5,0.40268456375838924,0.5322511522600469
P0461,Sarten antiadherente,Cocina,22,51,31,2025-07-27,114,0.0416666666666666,0.2027027027027027,Baja,1.4090909090909092,2.3181818181818183,0,0.0,0.2080536912751678,0.5260524710189141
P0384,Te verde japones,Comida Asiatica,94,76,55,2025-02-16,238,0.2916666666666667,0.3648648648648649,Media,0.5851063829787234,0.8085106382978723,0,0.5,0.3691275167785235,0.5224403826931315
P0343,Salsa de soya,Comida Asiatica,59,27,88,2025-02-13,278,0.1701388888888889,0.5878378378378378,Media,1.4915254237288136,0.4576271186440678,0,0.5,0.5906040268456376,0.5187066317825049
P0081,Cable Tipo C,Electronica,145,69,86,2025-05-25,327,0.46875,0.5743243243243243,Media,0.593103448275862,0.4758620689655172,0,0.5,0.5771812080536913,0.5183267762092109
P0298,Crema hidratante,Belleza,111,39,98,2025-10-13,116,0.3506944444444444,0.6554054054054054,Media,0.8828828828828829,0.3513513513513513,0,0.5,0.6577181208053692,0.517585706511881
P0071,Palillos chinos,Cocina,108,40,96,2025-06-01,151,0.3402777777777778,0.6418918918918919,Media,0.8888888888888888,0.3703703703703703,0,0.5,0.6442953020134228,0.5173626646781009
P0450,Repisa modular,Hogar,118,55,85,2025-01-21,300,0.375,0.5675675675675675,Media,0.7203389830508474,0.4661016949152542,0,0.5,0.5704697986577181,0.5143612785803663
P0272,Pijama,Ropa,138,58,89,2025-08-01,143,0.4444444444444444,0.5945945945945946,Media,0.644927536231884,0.4202898550724637,0,0.5,0.5973154362416108,0.513252601886976
P0020,Te verde japones,Comida Asiatica,169,75,86,2025-10-11,66,0.5520833333333333,0.5743243243243243,Media,0.5088757396449705,0.4437869822485207,0,0.5,0.5771812080536913,0.5119117588658115
P0026,Escoba plegable,Hogar,122,60,81,2025-07-06,113,0.3888888888888889,0.5405405405405406,Media,0.6639344262295082,0.4918032786885246,0,0.5,0.5436241610738255,0.5114479040598525
P0248,Mochi,Comida Asiatica,161,54,96,2025-04-15,250,0.5243055555555556,0.6418918918918919,Media,0.5962732919254659,0.3354037267080745,0,0.5,0.6442953020134228,0.5103693359456417
P0111,Organizador plastico,Hogar,87,49,73,2025-10-09,249,0.2673611111111111,0.4864864864864865,Media,0.8390804597701149,0.5632183908045977,0,0.5,0.4899328859060403,0.5096235439327317
P0239,Sarten antiadherente,Cocina,18,10,73,2025-12-25,223,0.0277777777777777,0.4864864864864865,Media,4.055555555555555,0.5555555555555556,0,0.5,0.4899328859060403,0.5080909768829233
P0481,Palillos chinos,Cocina,171,48,100,2025-12-04,307,0.5590277777777778,0.6689189189189189,Media,0.5847953216374269,0.2807017543859649,0,0.5,0.6711409395973155,0.5074826327563876
P0108,Ramen coreano,Comida Asiatica,204,71,93,2025-06-09,61,0.673611111111111,0.6216216216216216,Media,0.4558823529411764,0.3480392156862745,0,0.5,0.6241610738255033,0.5068561652849058
P0059,Repisa modular,Hogar,135,52,89,2025-08-25,272,0.4340277777777778,0.5945945945945946,Media,0.6592592592592592,0.3851851851851852,0,0.5,0.5973154362416108,0.5062316679095202
P0060,Cepillo facial,Belleza,78,26,93,2025-09-04,76,0.2361111111111111,0.6216216216216216,Media,1.1923076923076923,0.3333333333333333,0,0.5,0.6241610738255033,0.5039149888143176
P0488,Fideos udon,Comida Asiatica,25,13,73,2025-06-15,310,0.0520833333333333,0.4864864864864865,Media,2.92,0.52,0,0.5,0.4899328859060403,0.5009798657718121
P0192,Taza termica,Cocina,197,49,98,2025-05-11,293,0.6493055555555556,0.6554054054054054,Media,0.4974619289340101,0.248730964467005,0,0.5,0.6577181208053692,0.49706162913501173
P0256,Vaporizador de bambu,Cocina,279,78,93,2025-09-23,332,0.9340277777777778,0.6216216216216216,Media,0.3333333333333333,0.2795698924731182,0,0.5,0.6241610738255033,0.4931623006422746
P0236,Luz LED USB,Electronica,101,24,97,2025-01-02,225,0.3159722222222222,0.6486486486486487,Media,0.9603960396039604,0.2376237623762376,0,0.5,0.6510067114093959,0.4928267658980663
P0132,Cepillo facial,Belleza,103,53,69,2025-11-14,236,0.3229166666666667,0.4594594594594595,Media,0.6699029126213593,0.5145631067961165,0,0.5,0.46308724832214765,0.4918387958558676
P0439,Cepillo facial,Belleza,57,36,57,2025-04-28,100,0.1631944444444444,0.3783783783783784,Media,1.0,0.631578947368421,0,0.5,0.3825503355704698,0.49108089014482514
P0378,Audifonos Bluetooth,Electronica,68,14,99,2025-07-11,243,0.2013888888888889,0.6621621621621622,Media,1.4558823529411764,0.2058823529411764,0,0.5,0.6644295302013423,0.4905053296486379
P0019,Sarten antiadherente,Cocina,240,56,96,2025-08-10,231,0.798611111111111,0.6418918918918919,Media,0.4,0.2333333333333333,0,0.5,0.6442953020134228,0.48995525727069345
P0495,Medias termicas,Ropa,197,69,84,2025-04-29,156,0.6493055555555556,0.5608108108108107,Media,0.4263959390862944,0.350253807106599,0,0.5,0.5637583892617449,0.4891782781998433
P0038,Juguete para perro,Mascotas,113,29,93,2025-12-04,194,0.3576388888888889,0.6216216216216216,Media,0.8230088495575221,0.2566371681415929,0,0.5,0.6241610738255033,0.48857575577596957
P0112,Medias termicas,Ropa,248,60,94,2025-04-17,319,0.8263888888888888,0.6283783783783784,Media,0.3790322580645161,0.2419354838709677,0,0.5,0.6308724832214765,0.4876488417406365
P0235,Taza termica,Cocina,50,21,76,2025-02-15,160,0.1388888888888889,0.5067567567567568,Media,1.52,0.42,0,0.5,0.5100671140939598,0.48702013422818796
P0031,Arena para gato,Mascotas,133,63,70,2025-12-15,259,0.4270833333333333,0.4662162162162163,Media,0.5263157894736842,0.4736842105263157,0,0.5,0.4697986577181208,0.4856764394206994
P0363,Palillos chinos,Cocina,58,25,74,2025-07-11,261,0.1666666666666666,0.4932432432432432,Media,1.2758620689655171,0.4310344827586206,0,0.5,0.4966442953020134,0.48520018514232816
P0404,Cable Tipo C,Electronica,159,52,83,2025-04-20,275,0.517361111111111,0.5540540540540541,Media,0.5220125786163522,0.3270440251572327,0,0.5,0.5570469798657718,0.48252289899117806
P0217,Polo basico,Ropa,232,64,88,2025-12-31,163,0.7708333333333333,0.5878378378378378,Media,0.3793103448275862,0.2758620689655172,0,0.5,0.5906040268456376,0.48235362184679476
P0319,Escoba plegable,Hogar,125,67,62,2025-09-13,7,0.3993055555555555,0.4121621621621622,Media,0.496,0.536,1,0.5,0.4161073825503356,0.48203221476510066
P0125,Mini ventilador USB,Electronica,103,55,62,2025-07-13,335,0.3229166666666667,0.4121621621621622,Media,0.6019417475728155,0.5339805825242718,0,0.5,0.4161073825503356,0.481628331269955
P0336,Mini ventilador USB,Electronica,190,36,95,2025-10-15,288,0.625,0.6351351351351351,Media,0.5,0.1894736842105263,0,0.5,0.6375838926174496,0.47916990462734016
P0033,Polo basico,Ropa,137,43,82,2025-12-26,129,0.4409722222222222,0.5472972972972973,Media,0.5985401459854015,0.3138686131386861,0,0.5,0.5503355704697986,0.47787439376867685
P0498,Incienso japones,Decoracion,144,55,75,2025-09-21,225,0.4652777777777778,0.5,Media,0.5208333333333334,0.3819444444444444,0,0.5,0.5033557046979866,0.4773956002982849
P0063,Shampoo canino,Mascotas,32,14,69,2025-04-10,290,0.0763888888888888,0.4594594594594595,Media,2.15625,0.4375,0,0.5,0.46308724832214765,0.4764261744966443
P0027,Caja multiuso,Hogar,229,58,87,2025-08-12,225,0.7604166666666666,0.581081081081081,Media,0.3799126637554585,0.2532751091703056,0,0.5,0.5838926174496645,0.47582280706896046
P0032,Mochi,Comida Asiatica,156,24,96,2025-07-18,308,0.5069444444444444,0.6418918918918919,Media,0.6153846153846154,0.1538461538461538,0,0.5,0.6442953020134228,0.4740578213732576
P0420,Plato para mascotas,Mascotas,151,39,84,2025-11-08,177,0.4895833333333333,0.5608108108108107,Media,0.5562913907284768,0.2582781456953642,0,0.5,0.5637583892617449,0.4707831459175963
P0094,Plato para mascotas,Mascotas,291,67,86,2025-11-11,283,0.9756944444444444,0.5743243243243243,Media,0.2955326460481099,0.2302405498281786,0,0.5,0.5771812080536913,0.4692024723817431
P0500,Polo basico,Ropa,107,32,79,2025-05-04,218,0.3368055555555555,0.527027027027027,Media,0.7383177570093458,0.2990654205607476,0,0.5,0.5302013422818792,0.4688734867967133
P0052,Caja multiuso,Hogar,297,67,86,2025-02-20,153,0.9965277777777778,0.5743243243243243,Media,0.2895622895622896,0.2255892255892256,0,0.5,0.5771812080536913,0.4682722075339525
P0249,Farol decorativo,Decoracion,237,70,79,2025-09-19,295,0.7881944444444444,0.527027027027027,Media,0.3333333333333333,0.2953586497890295,0,0.5,0.5302013422818792,0.4681321326423697
P0438,Sarten antiadherente,Cocina,165,48,79,2025-02-10,63,0.5381944444444444,0.527027027027027,Media,0.4787878787878787,0.2909090909090909,0,0.5,0.5302013422818792,0.46724222086638195
P0428,Crema hidratante,Belleza,224,53,84,2025-12-04,146,0.7430555555555555,0.5608108108108107,Media,0.375,0.2366071428571428,0,0.5,0.5637583892617449,0.466448945349952
P0073,Medias termicas,Ropa,282,66,84,2025-08-05,342,0.9444444444444444,0.5608108108108107,Media,0.2978723404255319,0.2340425531914893,0,0.5,0.5637583892617449,0.46593602741682133
P0286,Lapicero gel,Papeleria,130,46,72,2025-06-01,208,0.4166666666666666,0.4797297297297297,Media,0.5538461538461539,0.3538461538461538,0,0.5,0.48322147651006714,0.4657356737222509
P0075,Crema hidratante,Belleza,232,56,83,2025-05-24,69,0.7708333333333333,0.5540540540540541,Media,0.3577586206896552,0.2413793103448276,0,0.5,0.5570469798657718,0.46538995602869704
P0396,Shampoo canino,Mascotas,117,15,94,2025-09-28,347,0.3715277777777778,0.6283783783783784,Media,0.8034188034188035,0.1282051282051282,0,0.5,0.6308724832214765,0.4649027706074686
P0036,Incienso japones,Decoracion,169,13,99,2025-05-27,304,0.5520833333333333,0.6621621621621622,Media,0.5857988165680473,0.0769230769230769,0,0.5,0.6644295302013423,0.46471347444501804
P0233,Cuaderno kawaii,Papeleria,283,68,82,2025-04-05,166,0.9479166666666666,0.5472972972972973,Media,0.2897526501766784,0.2402826855123674,0,0.5,0.5503355704697986,0.4631572082434131
P0479,Repisa modular,Hogar,223,42,87,2025-03-29,306,0.7395833333333333,0.581081081081081,Media,0.3901345291479821,0.1883408071748878,0,0.5,0.5838926174496645,0.46283594666987693
P0429,Repisa modular,Hogar,170,40,82,2025-05-27,239,0.5555555555555556,0.5472972972972973,Media,0.4823529411764706,0.2352941176470588,0,0.5,0.5503355704697986,0.4621594946703514
P0064,Fideos udon,Comida Asiatica,259,23,96,2025-09-14,325,0.8645833333333333,0.6418918918918919,Media,0.3706563706563706,0.0888030888030888,0,0.5,0.6442953020134228,0.4610492083646446
P0098,Ramen coreano,Comida Asiatica,297,38,92,2025-04-05,72,0.9965277777777778,0.6148648648648649,Media,0.3097643097643097,0.1279461279461279,0,0.5,0.6174496644295302,0.46082412491808467
P0408,Medias termicas,Ropa,212,57,78,2025-08-10,41,0.7013888888888888,0.5202702702702703,Media,0.3679245283018867,0.2688679245283019,0,0.5,0.5234899328859061,0.4608205647714322
P0322,Farol decorativo,Decoracion,251,57,82,2025-06-22,160,0.8368055555555555,0.5472972972972973,Media,0.3266932270916334,0.2270916334661354,0,0.5,0.5503355704697986,0.4605189978341667
P0317,Medias termicas,Ropa,272,20,97,2025-09-17,260,0.9097222222222222,0.6486486486486487,Media,0.3566176470588235,0.0735294117647058,0,0.5,0.6510067114093959,0.46000789577575996
P0011,Mochi,Comida Asiatica,199,44,82,2025-02-22,280,0.65625,0.5472972972972973,Media,0.4120603015075377,0.2211055276381909,0,0.5,0.5503355704697986,0.4593217766685778
P0405,Polo basico,Ropa,215,67,73,2025-09-08,124,0.7118055555555556,0.4864864864864865,Media,0.3395348837209302,0.3116279069767442,0,0.5,0.4899328859060403,0.45930544716716093
P0458,Pijama,Ropa,251,55,82,2025-04-02,175,0.8368055555555555,0.5472972972972973,Media,0.3266932270916334,0.2191235059760956,0,0.5,0.5503355704697986,0.45892537233615877
P0168,Taza termica,Cocina,294,64,82,2025-01-02,303,0.986111111111111,0.5472972972972973,Media,0.2789115646258503,0.2176870748299319,0,0.5,0.5503355704697986,0.458638086106926
P0403,Ramen coreano,Comida Asiatica,290,44,88,2025-09-27,154,0.9722222222222222,0.5878378378378378,Media,0.3034482758620689,0.1517241379310344,0,0.5,0.5906040268456376,0.4575260356398982
P0459,Te verde japones,Comida Asiatica,172,52,73,2025-11-24,116,0.5625,0.4864864864864865,Media,0.4244186046511627,0.3023255813953488,0,0.5,0.4899328859060403,0.45744498205088185
P0432,Pijama,Ropa,37,7,84,2025-06-04,117,0.0937499999999999,0.5608108108108107,Media,2.27027027027027,0.1891891891891892,0,0.5,0.5637583892617449,0.4569653546163613
P0328,Crema hidratante,Belleza,273,63,79,2025-12-09,344,0.9131944444444444,0.527027027027027,Media,0.2893772893772894,0.2307692307692307,0,0.5,0.5302013422818792,0.45521424883840994
P0133,Caja multiuso,Hogar,146,38,76,2025-02-04,1,0.4722222222222222,0.5067567567567568,Media,0.5205479452054794,0.2602739726027397,1,0.5,0.5100671140939598,0.4550749287487359
P0227,Cable Tipo C,Electronica,171,65,64,2025-10-08,280,0.5590277777777778,0.4256756756756757,Media,0.3742690058479532,0.3801169590643274,0,0.5,0.42953020134228187,0.45488245221555007
P0148,Stickers decorativos,Papeleria,142,41,72,2025-05-07,106,0.4583333333333333,0.4797297297297297,Media,0.5070422535211268,0.2887323943661972,0,0.5,0.48322147651006714,0.45271292182625955
P0190,Mascarilla coreana,Belleza,185,76,59,2025-08-03,82,0.6076388888888888,0.3918918918918919,Media,0.3189189189189189,0.4108108108108108,0,0.5,0.3959731543624161,0.45095410847088696
P0144,Cuaderno kawaii,Papeleria,166,51,68,2025-11-28,173,0.5416666666666666,0.4527027027027027,Media,0.4096385542168674,0.3072289156626506,0,0.5,0.4563758389261745,0.44835853481038246
P0167,Escoba plegable,Hogar,272,37,85,2025-05-27,112,0.9097222222222222,0.5675675675675675,Media,0.3125,0.1360294117647058,0,0.5,0.5704697986577181,0.44834682195025655
P0082,Polo basico,Ropa,141,40,70,2025-09-09,275,0.4548611111111111,0.4662162162162163,Media,0.4964539007092198,0.2836879432624113,0,0.5,0.4697986577181208,0.4476771859679185
P0039,Cable Tipo C,Electronica,217,65,68,2025-10-16,277,0.71875,0.4527027027027027,Media,0.3133640552995391,0.2995391705069124,0,0.5,0.4563758389261745,0.44682058577923484
P0332,Sarten antiadherente,Cocina,270,9,94,2025-12-18,8,0.9027777777777778,0.6283783783783784,Media,0.3481481481481481,0.0333333333333333,1,0.5,0.6308724832214765,0.4459284116331096
P0443,Farol decorativo,Decoracion,185,60,65,2025-01-31,113,0.6076388888888888,0.4324324324324324,Media,0.3513513513513513,0.3243243243243243,0,0.5,0.436241610738255,0.44573734808634136
P0068,Organizador plastico,Hogar,251,39,81,2025-03-31,264,0.8368055555555555,0.5405405405405406,Media,0.3227091633466135,0.1553784860557769,0,0.5,0.5436241610738255,0.444162945533303
P0297,Escoba plegable,Hogar,67,7,86,2025-11-22,130,0.1979166666666666,0.5743243243243243,Media,1.2835820895522387,0.1044776119402985,0,0.5,0.5771812080536913,0.44404988480416707
P0136,Incienso japones,Decoracion,87,30,62,2025-05-12,89,0.2673611111111111,0.4121621621621622,Media,0.7126436781609196,0.3448275862068966,0,0.5,0.4161073825503356,0.44379773200648
P0372,Farol decorativo,Decoracion,78,7,87,2025-08-06,305,0.2361111111111111,0.581081081081081,Media,1.1153846153846154,0.0897435897435897,0,0.5,0.5838926174496645,0.4431165031836173
P0206,Vaporizador de bambu,Cocina,278,77,68,2025-12-23,98,0.9305555555555556,0.4527027027027027,Media,0.2446043165467626,0.276978417266187,0,0.5,0.4563758389261745,0.44230843513108975
P0103,Sarten antiadherente,Cocina,258,42,79,2025-01-30,247,0.861111111111111,0.527027027027027,Media,0.3062015503875969,0.1627906976744186,0,0.5,0.5302013422818792,0.4416185422194475
P0109,Sarten antiadherente,Cocina,286,9,92,2025-06-19,317,0.9583333333333331,0.6148648648648649,Media,0.3216783216783216,0.0314685314685314,0,0.5,0.6174496644295302,0.44152860562256535
P0401,Pijama,Ropa,261,10,91,2025-12-20,46,0.8715277777777778,0.6081081081081081,Media,0.3486590038314176,0.0383141762452107,0,0.5,0.610738255033557,0.4408843117591093
P0212,Plato para mascotas,Mascotas,177,63,59,2025-10-31,169,0.579861111111111,0.3918918918918919,Media,0.3333333333333333,0.3559322033898305,0,0.5,0.3959731543624161,0.4399783869866909
P0062,Juguete para perro,Mascotas,213,20,85,2025-02-08,100,0.704861111111111,0.5675675675675675,Media,0.3990610328638497,0.0938967136150234,0,0.5,0.5704697986577181,0.4399202823203201
P0261,Vaporizador de bambu,Cocina,254,63,69,2025-06-10,179,0.8472222222222222,0.4594594594594595,Media,0.2716535433070866,0.2480314960629921,0,0.5,0.46308724832214765,0.4385324737092427
P0209,Audifonos Bluetooth,Electronica,260,9,90,2025-02-06,316,0.8680555555555555,0.6013513513513513,Media,0.3461538461538461,0.0346153846153846,0,0.5,0.6040268456375839,0.43813113061435205
P0269,Medias termicas,Ropa,229,70,63,2025-03-14,161,0.7604166666666666,0.4189189189189189,Media,0.2751091703056768,0.3056768558951965,0,0.5,0.4228187919463087,0.4379810087629319
P0423,Luz LED USB,Electronica,242,13,88,2025-02-06,305,0.8055555555555555,0.5878378378378378,Media,0.3636363636363636,0.0537190082644628,0,0.5,0.5906040268456376,0.4379250097065839
P0474,Palillos chinos,Cocina,290,35,81,2025-07-02,23,0.9722222222222222,0.5405405405405406,Media,0.2793103448275862,0.1206896551724138,1,0.5,0.5436241610738255,0.43722517935663036
P0231,Ramen coreano,Comida Asiatica,175,52,63,2025-08-02,117,0.5729166666666666,0.4189189189189189,Media,0.36,0.2971428571428571,0,0.5,0.4228187919463087,0.43627420901246405
P0303,Arena para gato,Mascotas,295,25,84,2025-08-19,288,0.9895833333333334,0.5608108108108107,Media,0.2847457627118644,0.0847457627118644,0,0.5,0.5637583892617449,0.43607666932089634
P0280,Incienso japones,Decoracion,284,38,78,2025-02-21,27,0.9513888888888888,0.5202702702702703,Media,0.2746478873239437,0.1338028169014084,1,0.5,0.5234899328859061,0.43380754324605353
P0341,Lapicero gel,Papeleria,247,11,86,2025-05-30,235,0.8229166666666666,0.5743243243243243,Media,0.3481781376518219,0.0445344129554655,0,0.5,0.5771812080536913,0.4320612450072005
P0151,Farol decorativo,Decoracion,119,40,57,2025-01-01,319,0.3784722222222222,0.3783783783783784,Media,0.4789915966386555,0.3361344537815126,0,0.5,0.3825503355704698,0.43199199142744343
P0198,Plato para mascotas,Mascotas,151,34,68,2025-05-26,293,0.4895833333333333,0.4527027027027027,Media,0.4503311258278146,0.2251655629139073,0,0.5,0.4563758389261745,0.4319458642606338
P0264,Fideos udon,Comida Asiatica,243,12,85,2025-05-09,264,0.8090277777777778,0.5675675675675675,Media,0.3497942386831276,0.0493827160493827,0,0.5,0.5704697986577181,0.43101748280719193
P0448,Ramen coreano,Comida Asiatica,118,26,68,2025-03-10,165,0.375,0.4527027027027027,Media,0.576271186440678,0.2203389830508474,0,0.5,0.4563758389261745,0.4309805482880218
P0329,Palillos chinos,Cocina,96,12,77,2025-07-19,87,0.2986111111111111,0.5135135135135135,Media,0.8020833333333334,0.125,0,0.5,0.5167785234899329,0.4300335570469799
P0462,Mini ventilador USB,Electronica,223,47,67,2025-02-23,298,0.7395833333333333,0.445945945945946,Media,0.3004484304932735,0.210762331838565,0,0.5,0.44966442953020136,0.4270517952267734
P0275,Lapicero gel,Papeleria,274,7,85,2025-10-09,328,0.9166666666666666,0.5675675675675675,Media,0.3102189781021898,0.0255474452554744,0,0.5,0.5704697986577181,0.4262504286484103
P0182,Plato para mascotas,Mascotas,210,30,73,2025-07-20,296,0.6944444444444444,0.4864864864864865,Media,0.3476190476190476,0.1428571428571428,0,0.5,0.4899328859060403,0.4255512943432407
P0224,Pijama,Ropa,280,33,75,2025-10-15,130,0.9375,0.5,Media,0.2678571428571428,0.1178571428571428,0,0.5,0.5033557046979866,0.42457813998082455
P0228,Escoba plegable,Hogar,217,31,72,2025-03-01,145,0.71875,0.4797297297297297,Media,0.3317972350230415,0.1428571428571428,0,0.5,0.48322147651006714,0.4235378715244487
P0365,Ramen coreano,Comida Asiatica,191,50,60,2025-12-30,188,0.6284722222222222,0.3986486486486487,Media,0.3141361256544502,0.2617801047120419,0,0.5,0.40268456375838924,0.42316139006992515
P0355,Caja multiuso,Hogar,91,23,60,2025-11-01,319,0.28125,0.3986486486486487,Media,0.6593406593406593,0.2527472527472527,0,0.5,0.40268456375838924,0.4213548196769673
P0152,Cable Tipo C,Electronica,158,51,53,2025-05-17,202,0.5138888888888888,0.3513513513513513,Media,0.3354430379746835,0.3227848101265823,0,0.5,0.35570469798657717,0.4212683714212896
P0118,Ramen coreano,Comida Asiatica,77,14,67,2025-08-21,109,0.2326388888888889,0.445945945945946,Media,0.8701298701298701,0.1818181818181818,0,0.5,0.44966442953020136,0.4212629652226968
P0288,Crema hidratante,Belleza,155,23,69,2025-06-24,49,0.5034722222222222,0.4594594594594595,Media,0.4451612903225806,0.1483870967741935,0,0.5,0.46308724832214765,0.418603593851483
P0200,Incienso japones,Decoracion,207,43,63,2025-10-29,344,0.6840277777777778,0.4189189189189189,Media,0.3043478260869565,0.2077294685990338,0,0.5,0.4228187919463087,0.4183915313036994
P0161,Sarten antiadherente,Cocina,203,42,63,2025-05-12,264,0.6701388888888888,0.4189189189189189,Media,0.3103448275862069,0.2068965517241379,0,0.5,0.4228187919463087,0.4182249479287202
P0493,Farol decorativo,Decoracion,289,6,81,2025-12-22,138,0.96875,0.5405405405405406,Media,0.2802768166089965,0.0207612456747404,0,0.5,0.5436241610738255,0.4172394974570957
P0305,Organizador plastico,Hogar,75,6,75,2025-11-19,180,0.2256944444444444,0.5,Media,1.0,0.08,0,0.5,0.5033557046979866,0.417006711409396
P0422,Mascarilla coreana,Belleza,254,53,62,2025-04-16,363,0.8472222222222222,0.4121621621621622,Media,0.2440944881889764,0.2086614173228346,0,0.5,0.4161073825503356,0.41656449822966757
P0164,Stickers decorativos,Papeleria,264,76,54,2025-09-06,239,0.8819444444444444,0.3581081081081081,Media,0.2045454545454545,0.2878787878787879,0,0.5,0.3624161073825503,0.41630058979052265
P0232,Repisa modular,Hogar,81,15,64,2025-07-24,209,0.2465277777777778,0.4256756756756757,Media,0.7901234567901234,0.1851851851851851,0,0.5,0.42953020134228187,0.4158960974397216
P0270,Polo basico,Ropa,185,17,73,2025-09-02,77,0.6076388888888888,0.4864864864864865,Media,0.3945945945945946,0.0918918918918919,0,0.5,0.4899328859060403,0.41535824415019046
P0122,Crema hidratante,Belleza,104,28,55,2025-05-17,247,0.3263888888888889,0.3648648648648649,Media,0.5288461538461539,0.2692307692307692,0,0.5,0.3691275167785235,0.41458440887971093
P0354,Taza termica,Cocina,238,62,55,2025-09-11,24,0.7916666666666666,0.3648648648648649,Media,0.2310924369747899,0.2605042016806723,1,0.5,0.3691275167785235,0.41283909536969154
P0054,Incienso japones,Decoracion,273,57,60,2025-04-18,5,0.9131944444444444,0.3986486486486487,Media,0.2197802197802197,0.2087912087912088,1,0.5,0.40268456375838924,0.41256361088575855
P0156,Incienso japones,Decoracion,186,33,63,2025-05-30,154,0.611111111111111,0.4189189189189189,Media,0.3387096774193548,0.1774193548387097,0,0.5,0.4228187919463087,0.4123295085516345
P0004,Mini ventilador USB,Electronica,245,53,59,2025-06-19,188,0.8159722222222222,0.3918918918918919,Media,0.2408163265306122,0.2163265306122449,0,0.5,0.3959731543624161,0.4120572524311738
P0383,Palillos chinos,Cocina,276,16,74,2025-01-08,297,0.923611111111111,0.4932432432432432,Media,0.2681159420289855,0.0579710144927536,0,0.5,0.4966442953020134,0.41058749148915474
P0393,Pijama,Ropa,222,7,76,2025-10-13,277,0.736111111111111,0.5067567567567568,Media,0.3423423423423423,0.0315315315315315,0,0.5,0.5100671140939598,0.40932644053449424
P0434,Organizador plastico,Hogar,277,39,65,2025-11-07,301,0.9270833333333331,0.4324324324324324,Media,0.2346570397111913,0.1407942238267148,0,0.5,0.436241610738255,0.40903132798681946
P0356,Vaporizador de bambu,Cocina,161,34,58,2025-04-27,356,0.5243055555555556,0.3851351351351351,Media,0.3602484472049689,0.2111801242236025,0,0.5,0.38926174496644295,0.4090145483346534
P0024,Incienso japones,Decoracion,243,48,59,2025-06-09,96,0.8090277777777778,0.3918918918918919,Media,0.242798353909465,0.1975308641975308,0,0.5,0.3959731543624161,0.408298119148231
P0043,Taza termica,Cocina,44,68,49,2025-01-17,172,0.1180555555555555,0.3243243243243243,Baja,1.1136363636363635,1.5454545454545454,0,0.0,0.3288590604026846,0.40774862721171445
P0424,Polo basico,Ropa,286,55,59,2025-07-02,41,0.9583333333333331,0.3918918918918919,Media,0.2062937062937063,0.1923076923076923,0,0.5,0.3959731543624161,0.40725348477026324
P0240,Medias termicas,Ropa,213,12,72,2025-06-27,348,0.704861111111111,0.4797297297297297,Media,0.3380281690140845,0.056338028169014,0,0.5,0.48322147651006714,0.40623404858682294
P0294,Te verde japones,Comida Asiatica,173,7,73,2025-05-16,353,0.5659722222222222,0.4864864864864865,Media,0.4219653179190751,0.0404624277456647,0,0.5,0.4899328859060403,0.40507235132094505
P0358,Ramen coreano,Comida Asiatica,260,51,57,2025-04-28,301,0.8680555555555555,0.3783783783783784,Media,0.2192307692307692,0.1961538461538461,0,0.5,0.3825503355704698,0.40399586990191017
P0254,Stickers decorativos,Papeleria,93,6,70,2025-05-25,345,0.2881944444444444,0.4662162162162163,Media,0.7526881720430108,0.064516129032258,0,0.5,0.4697986577181208,0.40384282312188785
P0477,Crema hidratante,Belleza,21,35,34,2025-12-04,248,0.0381944444444444,0.2229729729729729,Baja,1.619047619047619,1.6666666666666667,0,0.0,0.22818791946308725,0.40178970917225953
P0311,Mini ventilador USB,Electronica,173,18,65,2025-04-20,336,0.5659722222222222,0.4324324324324324,Media,0.3757225433526011,0.1040462427745664,0,0.5,0.436241610738255,0.40168173177638977
P0176,Farol decorativo,Decoracion,36,61,31,2025-05-14,219,0.0902777777777777,0.2027027027027027,Baja,0.8611111111111112,1.6944444444444444,0,0.0,0.2080536912751678,0.40130499627143923
P0397,Palillos chinos,Cocina,221,20,66,2025-09-05,156,0.7326388888888888,0.4391891891891892,Media,0.2986425339366516,0.090497737556561,0,0.5,0.4429530201342282,0.40098545355158066
P0101,Cepillo facial,Belleza,238,18,66,2025-03-16,103,0.7916666666666666,0.4391891891891892,Media,0.2773109243697479,0.0756302521008403,0,0.5,0.4429530201342282,0.3980119564604365
P0374,Cable Tipo C,Electronica,298,28,61,2025-03-02,354,1.0,0.4054054054054054,Media,0.2046979865771812,0.0939597315436241,0,0.5,0.40939597315436244,0.39161073825503356
P0407,Ramen coreano,Comida Asiatica,295,13,64,2025-06-10,308,0.9895833333333334,0.4256756756756757,Media,0.2169491525423728,0.0440677966101694,0,0.5,0.42953020134228187,0.38767261972471845
P0371,Te verde japones,Comida Asiatica,163,18,57,2025-06-14,314,0.53125,0.3783783783783784,Media,0.3496932515337423,0.1104294478527607,0,0.5,0.3825503355704698,0.38685099024169306
P0069,Escoba plegable,Hogar,114,11,58,2025-04-24,75,0.3611111111111111,0.3851351351351351,Media,0.5087719298245614,0.0964912280701754,0,0.5,0.38926174496644295,0.386076769103968
P0090,Farol decorativo,Decoracion,173,12,60,2025-06-27,28,0.5659722222222222,0.3986486486486487,Media,0.3468208092485549,0.0693641618497109,1,0.5,0.40268456375838924,0.38467820149745896
P0229,Figura Feng Shui,Decoracion,36,50,50,2025-07-18,349,0.0902777777777777,0.3310810810810811,Baja,1.3888888888888888,1.3888888888888888,0,0.0,0.33557046979865773,0.3784489187173751
P0268,Plato para mascotas,Mascotas,296,18,53,2025-10-31,69,0.9930555555555556,0.3513513513513513,Media,0.179054054054054,0.0608108108108108,0,0.5,0.35570469798657717,0.36887357155813527
P0170,Farol decorativo,Decoracion,265,13,53,2025-12-21,342,0.8854166666666666,0.3513513513513513,Media,0.2,0.0490566037735849,0,0.5,0.35570469798657717,0.3665227301506901
P0028,Plato para mascotas,Mascotas,135,6,53,2025-06-21,218,0.4340277777777778,0.3513513513513513,Media,0.3925925925925926,0.0444444444444444,0,0.5,0.35570469798657717,0.365600298284862
P0188,Polo basico,Ropa,35,51,32,2025-09-23,16,0.0868055555555555,0.2094594594594594,Baja,0.9142857142857144,1.457142857142857,1,0.0,0.21476510067114093,0.3558581016299137
P0185,Palillos chinos,Cocina,53,63,49,2025-01-17,330,0.1493055555555555,0.3243243243243243,Baja,0.9245283018867924,1.1886792452830188,0,0.0,0.3288590604026846,0.33639356717740915
P0055,Crema hidratante,Belleza,56,59,52,2025-05-24,269,0.1597222222222222,0.3445945945945946,Baja,0.9285714285714286,1.0535714285714286,0,0.0,0.348993288590604,0.31541227229146696
P0444,Organizador plastico,Hogar,76,79,45,2025-09-17,154,0.2291666666666666,0.2972972972972973,Baja,0.5921052631578947,1.0394736842105263,0,0.0,0.30201342281879195,0.29849876368774286
P0123,Sarten antiadherente,Cocina,40,44,36,2025-08-11,6,0.1041666666666666,0.2364864864864865,Baja,0.9,1.1,1,0.0,0.24161073825503357,0.29248322147651007
P0385,Lapicero gel,Papeleria,51,64,12,2025-09-20,336,0.1423611111111111,0.0743243243243243,Baja,0.2352941176470588,1.2549019607843137,0,0.0,0.08053691275167785,0.2751414659823661
P0196,Sarten antiadherente,Cocina,48,50,29,2025-11-14,245,0.1319444444444444,0.1891891891891892,Baja,0.6041666666666666,1.0416666666666667,0,0.0,0.19463087248322147,0.2667225950782998
P0260,Organizador plastico,Hogar,29,30,29,2025-01-01,119,0.0659722222222222,0.1891891891891892,Baja,1.0,1.0344827586206895,0,0.0,0.19463087248322147,0.26528581346910435
P0351,Mochi,Comida Asiatica,33,30,37,2025-08-18,310,0.0798611111111111,0.2432432432432432,Baja,1.121212121212121,0.9090909090909092,0,0.0,0.2483221476510067,0.2563148261134839
P0092,Palillos chinos,Cocina,91,73,47,2025-01-10,312,0.28125,0.3108108108108108,Baja,0.5164835164835165,0.8021978021978022,0,0.0,0.31543624161073824,0.2550704329227819
P0337,Escoba plegable,Hogar,19,19,17,2025-07-02,153,0.03125,0.1081081081081081,Baja,0.8947368421052632,1.0,0,0.0,0.11409395973154363,0.2342281879194631
P0476,Te verde japones,Comida Asiatica,31,34,4,2025-07-24,59,0.0729166666666666,0.0202702702702702,Baja,0.1290322580645161,1.096774193548387,0,0.0,0.026845637583892617,0.2274085299848452
P0368,Cable Tipo C,Electronica,115,74,44,2025-11-25,301,0.3645833333333333,0.2905405405405405,Baja,0.3826086956521739,0.6434782608695652,0,0.0,0.2953020134228188,0.2172862562007587
P0292,Escoba plegable,Hogar,51,43,24,2025-07-07,302,0.1423611111111111,0.1554054054054054,Baja,0.4705882352941176,0.8431372549019608,0,0.0,0.1610738255033557,0.21694959863139887
P0414,Lapicero gel,Papeleria,85,50,47,2025-01-15,361,0.2604166666666667,0.3108108108108108,Baja,0.5529411764705883,0.5882352941176471,0,0.0,0.31543624161073824,0.21227793130675088
P0402,Luz LED USB,Electronica,109,76,35,2025-05-27,30,0.34375,0.2297297297297297,Baja,0.3211009174311927,0.6972477064220184,0,0.0,0.2348993288590604,0.2099193399421218
P0041,Luz LED USB,Electronica,60,58,8,2025-10-10,27,0.1736111111111111,0.0472972972972973,Baja,0.1333333333333333,0.9666666666666668,1,0.0,0.053691275167785234,0.20944071588366892
P0204,Farol decorativo,Decoracion,56,53,9,2025-04-09,20,0.1597222222222222,0.054054054054054,Baja,0.1607142857142857,0.9464285714285714,1,0.0,0.06040268456375839,0.2074065196548418
P0318,Mascarilla coreana,Belleza,110,56,52,2025-05-04,231,0.3472222222222222,0.3445945945945946,Baja,0.4727272727272727,0.509090909090909,0,0.0,0.348993288590604,0.20651616839536302
P0110,Mini ventilador USB,Electronica,10,9,12,2025-12-12,46,0.0,0.0743243243243243,Baja,1.2,0.9,0,0.0,0.08053691275167785,0.2041610738255034
P0395,Caja multiuso,Hogar,84,61,23,2025-06-25,150,0.2569444444444444,0.1486486486486486,Baja,0.2738095238095238,0.7261904761904762,0,0.0,0.15436241610738255,0.19154682007031001
P0210,Incienso japones,Decoracion,90,44,45,2025-08-12,318,0.2777777777777778,0.2972972972972973,Baja,0.5,0.4888888888888889,0,0.0,0.30201342281879195,0.18838180462341536
P0035,Polo basico,Ropa,11,5,48,2025-09-11,140,0.0034722222222222,0.3175675675675676,Baja,4.363636363636363,0.4545454545454545,0,0.0,0.3221476510067114,0.18755338621110432
P0061,Palillos chinos,Cocina,95,61,29,2025-08-08,69,0.2951388888888889,0.1891891891891892,Baja,0.3052631578947368,0.6421052631578947,0,0.0,0.19463087248322147,0.1868103143765454
P0195,Vaporizador de bambu,Cocina,43,34,13,2025-05-21,274,0.1145833333333333,0.081081081081081,Baja,0.3023255813953488,0.7906976744186046,0,0.0,0.087248322147651,0.18431403152801623
P0400,Figura Feng Shui,Decoracion,126,57,46,2025-05-22,39,0.4027777777777778,0.3040540540540541,Baja,0.365079365079365,0.4523809523809524,0,0.0,0.3087248322147651,0.18309364014062002
P0077,Pijama,Ropa,118,57,42,2025-07-05,223,0.375,0.277027027027027,Baja,0.3559322033898305,0.4830508474576271,0,0.0,0.28187919463087246,0.18117392788078718
P0451,Cepillo facial,Belleza,101,67,24,2025-05-05,111,0.3159722222222222,0.1554054054054054,Baja,0.2376237623762376,0.6633663366336634,0,0.0,0.1610738255033557,0.18099541497773938
P0287,Correa retractil,Mascotas,77,54,19,2025-04-10,60,0.2326388888888889,0.1216216216216216,Baja,0.2467532467532467,0.7012987012987013,0,0.0,0.12751677852348994,0.17851477381678726
P0139,Correa retractil,Mascotas,113,55,39,2025-07-17,134,0.3576388888888889,0.2567567567567568,Baja,0.3451327433628318,0.4867256637168141,0,0.0,0.26174496644295303,0.17586862267624873
P0265,Mini ventilador USB,Electronica,95,51,34,2025-07-12,311,0.2951388888888889,0.2229729729729729,Baja,0.3578947368421052,0.5368421052631579,0,0.0,0.22818791946308725,0.17582479689155778
P0067,Arena para gato,Mascotas,177,78,43,2025-02-13,285,0.579861111111111,0.2837837837837838,Baja,0.2429378531073446,0.4406779661016949,0,0.0,0.28859060402684567,0.17471277442839267
P0025,Cuaderno kawaii,Papeleria,189,66,52,2025-09-25,295,0.6215277777777778,0.3445945945945946,Baja,0.2751322751322751,0.3492063492063492,0,0.0,0.348993288590604,0.17453925641845103
P0131,Repisa modular,Hogar,110,77,17,2025-09-22,38,0.3472222222222222,0.1081081081081081,Baja,0.1545454545454545,0.7,0,0.0,0.11409395973154363,0.17422818791946307
P0369,Salsa de soya,Comida Asiatica,93,61,21,2025-07-15,178,0.2881944444444444,0.1351351351351351,Baja,0.2258064516129032,0.6559139784946236,0,0.0,0.14093959731543623,0.1734646748935556
P0088,Polo basico,Ropa,23,19,1,2025-02-23,259,0.0451388888888888,0.0,Baja,0.0434782608695652,0.8260869565217391,0,0.0,0.006711409395973154,0.16723081412313978
P0128,Correa retractil,Mascotas,151,68,38,2025-10-20,139,0.4895833333333333,0.25,Baja,0.2516556291390728,0.4503311258278146,0,0.0,0.2550335570469799,0.16657629227965687
P0492,Luz LED USB,Electronica,147,57,44,2025-10-30,53,0.4756944444444444,0.2905405405405405,Baja,0.2993197278911564,0.3877551020408163,0,0.0,0.2953020134228188,0.1661416244350089
P0140,Sarten antiadherente,Cocina,188,76,42,2025-01-15,111,0.6180555555555556,0.277027027027027,Baja,0.2234042553191489,0.4042553191489361,0,0.0,0.28187919463087246,0.16541482221904896
P0427,Shampoo canino,Mascotas,99,73,8,2025-06-02,347,0.3090277777777778,0.0472972972972973,Baja,0.0808080808080808,0.7373737373737373,0,0.0,0.053691275167785234,0.16358213002508304
P0012,Polo basico,Ropa,50,33,15,2025-10-28,65,0.1388888888888889,0.0945945945945946,Baja,0.3,0.66,0,0.0,0.10067114093959731,0.1622013422818792
P0465,Plato para mascotas,Mascotas,74,40,25,2025-02-06,1,0.2222222222222222,0.1621621621621621,Baja,0.3378378378378378,0.5405405405405406,1,0.0,0.16778523489932887,0.15844367857790678
P0145,Escoba plegable,Hogar,104,40,36,2025-10-09,299,0.3263888888888889,0.2364864864864865,Baja,0.3461538461538461,0.3846153846153846,0,0.0,0.24161073825503357,0.149406298399587
P0223,Plato para mascotas,Mascotas,67,30,29,2025-01-04,99,0.1979166666666666,0.1891891891891892,Baja,0.4328358208955223,0.4477611940298507,0,0.0,0.19463087248322147,0.14794150055093658
P0445,Cable Tipo C,Electronica,243,55,50,2025-09-19,315,0.8090277777777778,0.3310810810810811,Baja,0.205761316872428,0.2263374485596707,0,0.0,0.33557046979865773,0.14593863065153145
P0375,Pijama,Ropa,95,53,17,2025-04-08,198,0.2951388888888889,0.1081081081081081,Baja,0.1789473684210526,0.5578947368421052,0,0.0,0.11409395973154363,0.14580713528788414
P0199,Polo basico,Ropa,82,19,49,2025-12-10,140,0.25,0.3243243243243243,Baja,0.5975609756097561,0.2317073170731707,0,0.0,0.3288590604026846,0.1449991815354395
P0187,Stickers decorativos,Papeleria,158,74,25,2025-03-30,268,0.5138888888888888,0.1621621621621621,Baja,0.1582278481012658,0.4683544303797468,0,0.0,0.16778523489932887,0.14400645654574804
P0361,Incienso japones,Decoracion,70,14,50,2025-09-16,107,0.2083333333333333,0.3310810810810811,Baja,0.7142857142857143,0.2,0,0.0,0.33557046979865773,0.14067114093959732
P0454,Farol decorativo,Decoracion,276,58,47,2025-05-20,246,0.923611111111111,0.3108108108108108,Baja,0.1702898550724637,0.2101449275362318,0,0.0,0.31543624161073824,0.13665985799046781
P0282,Fideos udon,Comida Asiatica,272,78,39,2025-06-08,71,0.9097222222222222,0.2567567567567568,Baja,0.1433823529411764,0.2867647058823529,0,0.0,0.26174496644295303,0.1358764311093565
P0456,Mini ventilador USB,Electronica,156,30,48,2025-04-18,236,0.5069444444444444,0.3175675675675676,Baja,0.3076923076923077,0.1923076923076923,0,0.0,0.3221476510067114,0.1351058337635519
P0102,Audifonos Bluetooth,Electronica,261,42,50,2025-04-08,338,0.8715277777777778,0.3310810810810811,Baja,0.1915708812260536,0.160919540229885,0,0.0,0.33557046979865773,0.13285504898557432
P0366,Pijama,Ropa,93,28,36,2025-08-01,364,0.2881944444444444,0.2364864864864865,Baja,0.3870967741935484,0.3010752688172043,0,0.0,0.24161073825503357,0.13269827523995092
P0325,Repisa modular,Hogar,236,56,42,2025-01-21,42,0.7847222222222222,0.277027027027027,Baja,0.1779661016949152,0.2372881355932203,0,0.0,0.28187919463087246,0.1320213855079058
P0279,Figura Feng Shui,Decoracion,290,40,51,2025-09-28,324,0.9722222222222222,0.3378378378378379,Baja,0.1758620689655172,0.1379310344827586,0,0.0,0.3422818791946309,0.13027077065494097
P0376,Organizador plastico,Hogar,14,6,22,2025-04-22,57,0.0138888888888888,0.1418918918918918,Baja,1.5714285714285714,0.4285714285714285,0,0.0,0.1476510067114094,0.13000958772770851
P0208,Pijama,Ropa,49,29,5,2025-08-14,124,0.1354166666666666,0.027027027027027,Baja,0.1020408163265306,0.5918367346938775,0,0.0,0.03355704697986577,0.12843446103273526
P0034,Polo basico,Ropa,160,35,42,2025-04-09,263,0.5208333333333334,0.277027027027027,Baja,0.2625,0.21875,0,0.0,0.28187919463087246,0.12831375838926173
P0263,Pijama,Ropa,232,60,38,2025-12-06,151,0.7708333333333333,0.25,Baja,0.1637931034482758,0.2586206896551724,0,0.0,0.2550335570469799,0.12823420504512845
P0178,Repisa modular,Hogar,202,55,36,2025-10-09,29,0.6666666666666666,0.2364864864864865,Baja,0.1782178217821782,0.2722772277227723,1,0.0,0.24161073825503357,0.12693866702106454
P0258,Medias termicas,Ropa,293,41,49,2025-04-30,44,0.982638888888889,0.3243243243243243,Baja,0.167235494880546,0.1399317406143344,0,0.0,0.3288590604026846,0.12664406624367225
P0353,Ramen coreano,Comida Asiatica,128,75,4,2025-08-09,14,0.4097222222222222,0.0202702702702702,Baja,0.03125,0.5859375,1,0.0,0.026845637583892617,0.12524119127516778
P0044,Farol decorativo,Decoracion,108,41,24,2025-12-15,302,0.3402777777777778,0.1554054054054054,Baja,0.2222222222222222,0.3796296296296296,0,0.0,0.1610738255033557,0.12424807357693263
P0441,Arena para gato,Mascotas,56,24,19,2025-06-06,202,0.1597222222222222,0.1216216216216216,Baja,0.3392857142857143,0.4285714285714285,0,0.0,0.12751677852348994,0.12396931927133267
P0410,Mini ventilador USB,Electronica,129,59,16,2025-03-03,158,0.4131944444444444,0.1013513513513513,Baja,0.1240310077519379,0.4573643410852713,0,0.0,0.10738255033557047,0.12368763331772539
P0487,Sarten antiadherente,Cocina,155,75,13,2025-07-29,229,0.5034722222222222,0.081081081081081,Baja,0.0838709677419354,0.4838709677419355,0,0.0,0.087248322147651,0.12294869019268241
P0291,Medias termicas,Ropa,267,68,35,2025-09-20,85,0.892361111111111,0.2297297297297297,Baja,0.1310861423220973,0.2546816479400749,0,0.0,0.2348993288590604,0.1214061282457331
P0442,Repisa modular,Hogar,135,15,49,2025-10-21,64,0.4340277777777778,0.3243243243243243,Baja,0.362962962962963,0.1111111111111111,0,0.0,0.3288590604026846,0.1208799403430276
P0105,Correa retractil,Mascotas,282,73,34,2025-09-19,53,0.9444444444444444,0.2229729729729729,Baja,0.1205673758865248,0.2588652482269503,0,0.0,0.22818791946308725,0.12022942548431624
P0049,Arena para gato,Mascotas,255,52,39,2025-06-19,247,0.8506944444444444,0.2567567567567568,Baja,0.1529411764705882,0.2039215686274509,0,0.0,0.26174496644295303,0.1193078036583761
P0153,Ramen coreano,Comida Asiatica,126,30,35,2025-03-04,244,0.4027777777777778,0.2297297297297297,Baja,0.2777777777777778,0.238095238095238,0,0.0,0.2348993288590604,0.11808884627676572
P0324,Mascarilla coreana,Belleza,291,72,34,2025-02-21,112,0.9756944444444444,0.2229729729729729,Baja,0.1168384879725085,0.2474226804123711,0,0.0,0.22818791946308725,0.1179409119214004
P0246,Pijama,Ropa,140,32,35,2025-04-03,207,0.4513888888888889,0.2297297297297297,Baja,0.25,0.2285714285714285,0,0.0,0.2348993288590604,0.11618408437200382
P0431,Medias termicas,Ropa,275,18,51,2025-04-28,201,0.9201388888888888,0.3378378378378379,Baja,0.1854545454545454,0.0654545454545454,0,0.0,0.3422818791946309,0.11577547284929834
P0399,Cepillo facial,Belleza,76,8,47,2025-10-21,143,0.2291666666666666,0.3108108108108108,Baja,0.618421052631579,0.1052631578947368,0,0.0,0.31543624161073824,0.11568350406216883
P0295,Mini ventilador USB,Electronica,205,17,49,2025-11-12,130,0.6770833333333333,0.3243243243243243,Baja,0.2390243902439024,0.0829268292682926,0,0.0,0.3288590604026846,0.1152430839744639
P0244,Te verde japones,Comida Asiatica,230,57,32,2025-11-03,300,0.7638888888888888,0.2094594594594594,Baja,0.1391304347826087,0.2478260869565217,0,0.0,0.21476510067114093,0.11399474759264662
P0014,Palillos chinos,Cocina,172,39,33,2025-09-18,231,0.5625,0.2162162162162162,Baja,0.191860465116279,0.2267441860465116,0,0.0,0.2214765100671141,0.11179179022943656
P0149,Juguete para perro,Mascotas,296,13,51,2025-01-29,296,0.9930555555555556,0.3378378378378379,Baja,0.1722972972972972,0.0439189189189189,0,0.0,0.3422818791946309,0.11146834754217304
P0010,Mini ventilador USB,Electronica,200,22,44,2025-06-11,202,0.6597222222222222,0.2905405405405405,Baja,0.22,0.11,0,0.0,0.2953020134228188,0.11059060402684565
P0165,Figura Feng Shui,Decoracion,60,12,35,2025-04-06,88,0.1736111111111111,0.2297297297297297,Baja,0.5833333333333334,0.2,0,0.0,0.2348993288590604,0.11046979865771812
P0008,Mascarilla coreana,Belleza,273,51,35,2025-07-25,81,0.9131944444444444,0.2297297297297297,Baja,0.1282051282051282,0.1868131868131868,0,0.0,0.2348993288590604,0.10783243602035547
P0216,Crema hidratante,Belleza,233,17,46,2025-06-04,113,0.7743055555555555,0.3040540540540541,Baja,0.1974248927038626,0.0729613733905579,0,0.0,0.3087248322147651,0.10720972434254111
P0472,Taza termica,Cocina,224,59,27,2025-04-28,221,0.7430555555555555,0.1756756756756757,Baja,0.1205357142857142,0.2633928571428571,0,0.0,0.18120805369127516,0.10704098753595397
P0135,Polo basico,Ropa,279,64,30,2025-10-18,213,0.9340277777777778,0.1959459459459459,Baja,0.1075268817204301,0.2293906810035842,0,0.0,0.20134228187919462,0.10628082076447523
P0003,Repisa modular,Hogar,201,64,21,2025-06-10,314,0.6631944444444444,0.1351351351351351,Baja,0.1044776119402985,0.3184079601990049,0,0.0,0.14093959731543623,0.10596347123443187
P0394,Lapicero gel,Papeleria,199,37,34,2025-02-10,307,0.65625,0.2229729729729729,Baja,0.1708542713567839,0.185929648241206,0,0.0,0.22818791946308725,0.10564230548716738
P0293,Taza termica,Cocina,227,46,32,2025-06-16,109,0.7534722222222222,0.2094594594594594,Baja,0.1409691629955947,0.2026431718061674,0,0.0,0.21476510067114093,0.10495816456257576
P0338,Stickers decorativos,Papeleria,133,26,32,2025-06-23,113,0.4270833333333333,0.2094594594594594,Baja,0.2406015037593984,0.1954887218045112,0,0.0,0.21476510067114093,0.10352727456224452
P0230,Farol decorativo,Decoracion,55,19,17,2025-08-24,340,0.15625,0.1081081081081081,Baja,0.3090909090909091,0.3454545454545454,0,0.0,0.11409395973154363,0.10331909701037217
P0277,Figura Feng Shui,Decoracion,237,19,43,2025-12-09,326,0.7881944444444444,0.2837837837837838,Baja,0.1814345991561181,0.080168776371308,0,0.0,0.28859060402684567,0.1026109364823153
P0141,Juguete para perro,Mascotas,240,31,38,2025-04-07,289,0.798611111111111,0.25,Baja,0.1583333333333333,0.1291666666666666,0,0.0,0.2550335570469799,0.10234340044742728
P0463,Farol decorativo,Decoracion,178,28,35,2025-07-03,286,0.5833333333333333,0.2297297297297297,Baja,0.196629213483146,0.1573033707865168,0,0.0,0.2348993288590604,0.10193047281502148
P0021,Polo basico,Ropa,143,32,28,2025-04-18,44,0.4618055555555555,0.1824324324324324,Baja,0.1958041958041958,0.2237762237762237,0,0.0,0.18791946308724833,0.10113108368141924
P0255,Medias termicas,Ropa,172,9,45,2025-10-30,287,0.5625,0.2972972972972973,Baja,0.2616279069767442,0.0523255813953488,0,0.0,0.30201342281879195,0.10106914312470734
P0467,Pijama,Ropa,266,40,35,2025-07-13,191,0.8888888888888888,0.2297297297297297,Baja,0.131578947368421,0.150375939849624,0,0.0,0.2348993288590604,0.10054498662764291
P0430,Cuaderno kawaii,Papeleria,234,19,41,2025-09-15,285,0.7777777777777778,0.2702702702702703,Baja,0.1752136752136752,0.0811965811965812,0,0.0,0.2751677852348993,0.09878965180978604
P0421,Mini ventilador USB,Electronica,199,12,43,2025-12-19,90,0.65625,0.2837837837837838,Baja,0.2160804020100502,0.0603015075376884,0,0.0,0.28859060402684567,0.09863748271559139
P0245,Caja multiuso,Hogar,220,26,37,2025-12-18,312,0.7291666666666666,0.2432432432432432,Baja,0.1681818181818181,0.1181818181818181,0,0.0,0.2483221476510067,0.09813300793166563
P0367,Audifonos Bluetooth,Electronica,172,59,14,2025-04-30,336,0.5625,0.0878378378378378,Baja,0.0813953488372093,0.3430232558139535,0,0.0,0.09395973154362416,0.09679257062587796
P0001,Mascarilla coreana,Belleza,280,76,21,2025-04-13,122,0.9375,0.1351351351351351,Baja,0.075,0.2714285714285714,0,0.0,0.14093959731543623,0.09656759348034516
P0015,Pijama,Ropa,210,76,12,2025-02-02,48,0.6944444444444444,0.0743243243243243,Baja,0.0571428571428571,0.3619047619047619,0,0.0,0.08053691275167785,0.09654202620645573
P0137,Medias termicas,Ropa,113,18,32,2025-06-28,125,0.3576388888888889,0.2094594594594594,Baja,0.2831858407079646,0.1592920353982301,0,0.0,0.21476510067114093,0.09628793728098829
P0389,Mascarilla coreana,Belleza,72,25,13,2025-06-11,260,0.2152777777777778,0.081081081081081,Baja,0.1805555555555555,0.3472222222222222,0,0.0,0.087248322147651,0.09561894108873975
P0485,Juguete para perro,Mascotas,290,77,21,2025-12-06,211,0.9722222222222222,0.1351351351351351,Baja,0.0724137931034482,0.2655172413793103,0,0.0,0.14093959731543623,0.09538532747049294
P0381,Correa retractil,Mascotas,257,7,44,2025-04-07,42,0.8576388888888888,0.2905405405405405,Baja,0.1712062256809338,0.0272373540856031,0,0.0,0.2953020134228188,0.09403807484396626
P0491,Lapicero gel,Papeleria,74,25,13,2025-11-09,49,0.2222222222222222,0.081081081081081,Baja,0.1756756756756756,0.3378378378378378,0,0.0,0.087248322147651,0.09374206421186286
P0415,Vaporizador de bambu,Cocina,102,26,21,2025-11-03,38,0.3194444444444444,0.1351351351351351,Baja,0.2058823529411764,0.2549019607843137,0,0.0,0.14093959731543623,0.09326227135149362
P0155,Plato para mascotas,Mascotas,260,55,25,2025-06-29,198,0.8680555555555555,0.1621621621621621,Baja,0.0961538461538461,0.2115384615384615,0,0.0,0.16778523489932887,0.09264326277749096
P0327,Correa retractil,Mascotas,251,62,21,2025-10-11,203,0.8368055555555555,0.1351351351351351,Baja,0.0836653386454183,0.247011952191235,0,0.0,0.14093959731543623,0.09168426963287787
P0213,Polo basico,Ropa,179,67,7,2025-05-13,235,0.5868055555555556,0.0405405405405405,Baja,0.0391061452513966,0.3743016759776536,0,0.0,0.04697986577181208,0.08895429492707435
P0266,Crema hidratante,Belleza,123,21,26,2025-05-16,303,0.3923611111111111,0.1689189189189189,Baja,0.2113821138211382,0.1707317073170731,0,0.0,0.174496644295302,0.08649533475200522
P0117,Mascarilla coreana,Belleza,282,48,25,2025-05-25,13,0.9444444444444444,0.1621621621621621,Baja,0.0886524822695035,0.1702127659574468,1,0.0,0.16778523489932887,0.08437812366128802
P0388,Farol decorativo,Decoracion,255,23,32,2025-05-17,12,0.8506944444444444,0.2094594594594594,Baja,0.1254901960784313,0.0901960784313725,1,0.0,0.21476510067114093,0.08246874588761678
P0469,Taza termica,Cocina,268,18,34,2025-02-14,61,0.8958333333333333,0.2229729729729729,Baja,0.126865671641791,0.0671641791044776,0,0.0,0.22818791946308725,0.0818892116598217
P0247,Juguete para perro,Mascotas,222,35,24,2025-10-20,4,0.736111111111111,0.1554054054054054,Baja,0.1081081081081081,0.1576576576576576,1,0.0,0.1610738255033557,0.07985367918253823
P0382,Salsa de soya,Comida Asiatica,271,43,23,2025-03-30,178,0.90625,0.1486486486486486,Baja,0.084870848708487,0.1586715867158671,0,0.0,0.15436241610738255,0.07804304217538818
P0221,Stickers decorativos,Papeleria,219,54,14,2025-07-11,175,0.7256944444444444,0.0878378378378378,Baja,0.0639269406392694,0.2465753424657534,0,0.0,0.09395973154362416,0.07750298795623793
P0413,Correa retractil,Mascotas,225,69,8,2025-10-28,343,0.7465277777777778,0.0472972972972973,Baja,0.0355555555555555,0.3066666666666666,0,0.0,0.053691275167785234,0.0774407158836689
P0124,Repisa modular,Hogar,229,79,4,2025-12-01,134,0.7604166666666666,0.0202702702702702,Baja,0.0174672489082969,0.3449781659388646,0,0.0,0.026845637583892617,0.0770493244629407
P0193,Lapicero gel,Papeleria,192,43,15,2025-01-04,349,0.6319444444444444,0.0945945945945946,Baja,0.078125,0.2239583333333333,0,0.0,0.10067114093959731,0.07499300894854585
P0121,Stickers decorativos,Papeleria,238,37,21,2025-07-17,70,0.7916666666666666,0.1351351351351351,Baja,0.088235294117647,0.1554621848739495,0,0.0,0.14093959731543623,0.07337431616942078
P0276,Caja multiuso,Hogar,126,30,12,2025-05-13,304,0.4027777777777778,0.0743243243243243,Baja,0.0952380952380952,0.238095238095238,0,0.0,0.08053691275167785,0.07178012144455095
P0162,Cepillo facial,Belleza,140,36,10,2025-06-11,87,0.4513888888888889,0.0608108108108108,Baja,0.0714285714285714,0.2571428571428571,0,0.0,0.06711409395973154,0.0715627996164909
P0120,Vaporizador de bambu,Cocina,110,10,26,2025-11-16,226,0.3472222222222222,0.1689189189189189,Baja,0.2363636363636363,0.0909090909090909,0,0.0,0.174496644295302,0.07053081147040878
P0306,Crema hidratante,Belleza,205,59,6,2025-05-23,342,0.6770833333333333,0.0337837837837837,Baja,0.0292682926829268,0.2878048780487804,0,0.0,0.040268456375838924,0.06964151252250776
P0194,Mini ventilador USB,Electronica,219,37,16,2025-04-18,311,0.7256944444444444,0.1013513513513513,Baja,0.0730593607305936,0.1689497716894977,0,0.0,0.10738255033557047,0.06600471943857068
P0191,Salsa de soya,Comida Asiatica,112,21,14,2025-06-08,152,0.3541666666666666,0.0878378378378378,Baja,0.125,0.1875,0,0.0,0.09395973154362416,0.06568791946308725
P0072,Incienso japones,Decoracion,192,17,23,2025-08-05,355,0.6319444444444444,0.1486486486486486,Baja,0.1197916666666666,0.0885416666666666,0,0.0,0.15436241610738255,0.06401705816554809
P0440,Correa retractil,Mascotas,165,41,7,2025-07-15,56,0.5381944444444444,0.0405405405405405,Baja,0.0424242424242424,0.2484848484848484,0,0.0,0.04697986577181208,0.0637909294285133
P0285,Farol decorativo,Decoracion,229,13,26,2025-01-09,271,0.7604166666666666,0.1689189189189189,Baja,0.1135371179039301,0.056768558951965,0,0.0,0.174496644295302,0.0637027050789836
P0201,Organizador plastico,Hogar,208,56,4,2025-02-28,72,0.6875,0.0202702702702702,Baja,0.0192307692307692,0.2692307692307692,0,0.0,0.026845637583892617,0.061899845121321635
P0494,Palillos chinos,Cocina,120,21,12,2025-07-01,24,0.3819444444444444,0.0743243243243243,Baja,0.1,0.175,1,0.0,0.08053691275167785,0.059161073825503355
P0452,Escoba plegable,Hogar,282,28,19,2025-06-14,341,0.9444444444444444,0.1216216216216216,Baja,0.0673758865248227,0.0992907801418439,0,0.0,0.12751677852348994,0.05811318958541576
P0080,Medias termicas,Ropa,292,70,5,2025-01-29,165,0.9791666666666666,0.027027027027027,Baja,0.0171232876712328,0.2397260273972602,0,0.0,0.03355704697986577,0.058012319573411776
P0096,Shampoo canino,Mascotas,142,7,23,2025-02-22,165,0.4583333333333333,0.1486486486486486,Baja,0.1619718309859155,0.0492957746478873,0,0.0,0.15436241610738255,0.056167879761792223
P0473,Mascarilla coreana,Belleza,242,34,13,2025-01-21,53,0.8055555555555555,0.081081081081081,Baja,0.0537190082644628,0.140495867768595,0,0.0,0.087248322147651,0.054273670198014295
P0160,Shampoo canino,Mascotas,295,20,19,2025-01-18,257,0.9895833333333334,0.1216216216216216,Baja,0.0644067796610169,0.0677966101694915,0,0.0,0.12751677852348994,0.05181435559094528
P0257,Polo basico,Ropa,142,24,8,2025-06-20,1,0.4583333333333333,0.0472972972972973,Baja,0.056338028169014,0.1690140845070422,1,0.0,0.053691275167785234,0.049910199451744006
P0352,Stickers decorativos,Papeleria,211,42,4,2025-07-07,57,0.6979166666666666,0.0202702702702702,Baja,0.0189573459715639,0.1990521327014218,0,0.0,0.026845637583892617,0.04786411781545215
P0172,Correa retractil,Mascotas,124,18,9,2025-02-09,237,0.3958333333333333,0.054054054054054,Baja,0.0725806451612903,0.1451612903225806,0,0.0,0.06040268456375839,0.04715306343364364
P0296,Figura Feng Shui,Decoracion,169,25,8,2025-08-18,200,0.5520833333333333,0.0472972972972973,Baja,0.0473372781065088,0.1479289940828402,0,0.0,0.053691275167785234,0.045693181366903604
P0203,Organizador plastico,Hogar,227,45,3,2025-09-19,5,0.7534722222222222,0.0135135135135135,Baja,0.013215859030837,0.198237885462555,1,0.0,0.020134228187919462,0.04568784554888684
P0220,Salsa de soya,Comida Asiatica,201,21,12,2025-07-12,22,0.6631944444444444,0.0743243243243243,Baja,0.0597014925373134,0.1044776119402985,1,0.0,0.08053691275167785,0.04505659621356306
P0310,Escoba plegable,Hogar,215,24,10,2025-01-25,281,0.7118055555555556,0.0608108108108108,Baja,0.0465116279069767,0.1116279069767441,0,0.0,0.06711409395973154,0.04245980958326828
P0251,Cuaderno kawaii,Papeleria,234,30,8,2025-04-10,240,0.7777777777777778,0.0472972972972973,Baja,0.0341880341880341,0.1282051282051282,0,0.0,0.053691275167785234,0.041748408191361205
P0189,Mascarilla coreana,Belleza,291,11,14,2025-12-01,117,0.9756944444444444,0.0878378378378378,Baja,0.0481099656357388,0.0378006872852233,0,0.0,0.09395973154362416,0.03574805692013191
P0409,Salsa de soya,Comida Asiatica,77,12,2,2025-12-27,125,0.2326388888888889,0.0067567567567567,Baja,0.0259740259740259,0.1558441558441558,0,0.0,0.013422818791946308,0.035195676806415055
P0173,Pijama,Ropa,210,26,4,2025-06-03,29,0.6944444444444444,0.0202702702702702,Baja,0.019047619047619,0.1238095238095238,1,0.0,0.026845637583892617,0.03281559603707255
P0150,Medias termicas,Ropa,276,27,1,2025-10-29,101,0.923611111111111,0.0,Baja,0.0036231884057971,0.0978260869565217,0,0.0,0.006711409395973154,0.021578640210096287
P0387,Mini ventilador USB,Electronica,229,5,8,2025-04-11,176,0.7604166666666666,0.0472972972972973,Baja,0.0349344978165938,0.0218340611353711,0,0.0,0.053691275167785234,0.02047419477740979
P0342,Medias termicas,Ropa,294,17,2,2025-01-29,213,0.986111111111111,0.0067567567567567,Baja,0.0068027210884353,0.0578231292517006,0,0.0,0.013422818791946308,0.015591471487924013
