categoria,total_productos,ventas_promedio,rotacion_promedio,pct_alta_rotacion,pct_baja_rotacion,stock_promedio,decision_importacion
Comida Asiatica,58,84.94827586206897,1.043196582632428,37.93103448275862,18.96551724137931,156.58620689655172,Mantener importación actual
Cocina,63,82.36507936507937,0.9290417865081053,33.33333333333333,28.57142857142857,151.0793650793651,Mantener importación actual
Belleza,50,74.86,0.9162777136266138,36.0,34.0,154.34,Mantener importación actual
Electronica,52,75.42307692307692,0.9160855159203092,30.76923076923077,30.76923076923077,157.92307692307693,Mantener importación actual
Hogar,55,71.12727272727273,0.8975321216552602,25.454545454545453,34.54545454545455,146.76363636363635,Mantener importación actual
Mascotas,59,78.89830508474576,0.845262123912003,40.67796610169492,37.28813559322034,176.4406779661017,Aumentar importación
Ropa,62,66.91935483870968,0.7772605072505314,22.58064516129032,43.54838709677419,172.88709677419354,Mantener importación actual
Papeleria,45,84.91111111111111,0.741086006244589,46.666666666666664,28.888888888888886,174.57777777777778,Aumentar importación
Decoracion,56,77.71428571428571,0.6856043558619037,35.714285714285715,33.92857142857143,167.25,Mantener importación actual
