codigo_producto,nombre_producto,categoria,stock_actual,stock_minimo,cantidad_vendida,fecha_venta,dias_para_vencer,stock_norm,ventas_norm,nivel_rotacion,indice_rotacion,urgencia_stock,riesgo_vencimiento
P0001,Mascarilla coreana,Belleza,280,76,21,2025-04-13,122,0.9375,0.1351351351351351,Baja,0.075,0.2714285714285714,0
P0002,Sarten antiadherente,Cocina,97,28,131,2025-05-30,309,0.3020833333333333,0.8783783783783784,Alta,1.3505154639175259,0.28865979381443296,0
P0003,Repisa modular,Hogar,201,64,21,2025-06-10,314,0.6631944444444444,0.1351351351351351,Baja,0.1044776119402985,0.31840796019900497,0
P0004,Mini ventilador USB,Electronica,245,53,59,2025-06-19,188,0.8159722222222222,0.3918918918918919,Media,0.24081632653061225,0.2163265306122449,0
P0005,Taza termica,Cocina,64,68,131,2025-11-03,135,0.1875,0.8783783783783784,Alta,2.046875,1.0625,0
P0006,Incienso japones,Decoracion,176,22,132,2025-03-30,316,0.5763888888888888,0.8851351351351351,Alta,0.75,0.125,0
P0007,Caja multiuso,Hogar,274,57,130,2025-12-06,92,0.9166666666666666,0.8716216216216216,Alta,0.4744525547445255,0.20802919708029197,0
P0008,Mascarilla coreana,Belleza,273,51,35,2025-07-25,81,0.9131944444444444,0.2297297297297297,Baja,0.1282051282051282,0.18681318681318682,0
P0009,Fideos udon,Comida Asiatica,11,10,54,2025-04-16,260,0.0034722222222222,0.3581081081081081,Media,4.909090909090909,0.9090909090909091,0
P0010,Mini ventilador USB,Electronica,200,22,44,2025-06-11,202,0.6597222222222222,0.2905405405405405,Baja,0.22,0.11,0
P0011,Mochi,Comida Asiatica,199,44,82,2025-02-22,280,0.65625,0.5472972972972973,Media,0.4120603015075377,0.22110552763819097,0
P0012,Polo basico,Ropa,50,33,15,2025-10-28,65,0.1388888888888889,0.0945945945945946,Baja,0.3,0.66,0
P0013,Pijama,Ropa,18,5,136,2025-03-04,139,0.0277777777777777,0.9121621621621622,Alta,7.555555555555555,0.2777777777777778,0
P0014,Palillos chinos,Cocina,172,39,33,2025-09-18,231,0.5625,0.2162162162162162,Baja,0.19186046511627908,0.22674418604651161,0
P0015,Pijama,Ropa,210,76,12,2025-02-02,48,0.6944444444444444,0.0743243243243243,Baja,0.05714285714285714,0.3619047619047619,0
P0016,Cepillo facial,Belleza,71,41,99,2025-06-21,360,0.2118055555555555,0.6621621621621622,Media,1.3943661971830985,0.5774647887323944,0
P0017,Cable Tipo C,Electronica,44,69,101,2025-05-11,257,0.1180555555555555,0.6756756756756757,Alta,2.2954545454545454,1.5681818181818181,0
P0018,Farol decorativo,Decoracion,264,18,103,2025-10-10,207,0.8819444444444444,0.6891891891891891,Alta,0.39015151515151514,0.06818181818181818,0
P0019,Sarten antiadherente,Cocina,240,56,96,2025-08-10,231,0.798611111111111,0.6418918918918919,Media,0.4,0.23333333333333334,0
P0020,Te verde japones,Comida Asiatica,169,75,86,2025-10-11,66,0.5520833333333333,0.5743243243243243,Media,0.5088757396449705,0.4437869822485207,0
P0021,Polo basico,Ropa,143,32,28,2025-04-18,44,0.4618055555555555,0.1824324324324324,Baja,0.1958041958041958,0.22377622377622378,0
P0022,Salsa de soya,Comida Asiatica,137,66,129,2025-10-10,121,0.4409722222222222,0.8648648648648649,Alta,0.9416058394160584,0.48175182481751827,0
P0023,Te verde japones,Comida Asiatica,242,7,103,2025-07-17,137,0.8055555555555555,0.6891891891891891,Alta,0.4256198347107438,0.028925619834710745,0
P0024,Incienso japones,Decoracion,243,48,59,2025-06-09,96,0.8090277777777778,0.3918918918918919,Media,0.24279835390946503,0.19753086419753085,0
P0025,Cuaderno kawaii,Papeleria,189,66,52,2025-09-25,295,0.6215277777777778,0.3445945945945946,Baja,0.2751322751322751,0.3492063492063492,0
P0026,Escoba plegable,Hogar,122,60,81,2025-07-06,113,0.3888888888888889,0.5405405405405406,Media,0.6639344262295082,0.4918032786885246,0
P0027,Caja multiuso,Hogar,229,58,87,2025-08-12,225,0.7604166666666666,0.581081081081081,Media,0.3799126637554585,0.25327510917030566,0
P0028,Plato para mascotas,Mascotas,135,6,53,2025-06-21,218,0.4340277777777778,0.3513513513513513,Media,0.3925925925925926,0.044444444444444446,0
P0029,Audifonos Bluetooth,Electronica,256,72,123,2025-09-12,294,0.8541666666666666,0.8243243243243243,Alta,0.48046875,0.28125,0
P0030,Cuaderno kawaii,Papeleria,107,74,139,2025-08-28,144,0.3368055555555555,0.9324324324324323,Alta,1.2990654205607477,0.6915887850467289,0
P0031,Arena para gato,Mascotas,133,63,70,2025-12-15,259,0.4270833333333333,0.4662162162162163,Media,0.5263157894736842,0.47368421052631576,0
P0032,Mochi,Comida Asiatica,156,24,96,2025-07-18,308,0.5069444444444444,0.6418918918918919,Media,0.6153846153846154,0.15384615384615385,0
P0033,Polo basico,Ropa,137,43,82,2025-12-26,129,0.4409722222222222,0.5472972972972973,Media,0.5985401459854015,0.31386861313868614,0
P0034,Polo basico,Ropa,160,35,42,2025-04-09,263,0.5208333333333334,0.277027027027027,Baja,0.2625,0.21875,0
P0035,Polo basico,Ropa,11,5,48,2025-09-11,140,0.0034722222222222,0.3175675675675676,Baja,4.363636363636363,0.45454545454545453,0
P0036,Incienso japones,Decoracion,169,13,99,2025-05-27,304,0.5520833333333333,0.6621621621621622,Media,0.5857988165680473,0.07692307692307693,0
P0037,Taza termica,Cocina,161,58,120,2025-06-10,116,0.5243055555555556,0.8040540540540541,Alta,0.7453416149068323,0.36024844720496896,0
P0038,Juguete para perro,Mascotas,113,29,93,2025-12-04,194,0.3576388888888889,0.6216216216216216,Media,0.8230088495575221,0.25663716814159293,0
P0039,Cable Tipo C,Electronica,217,65,68,2025-10-16,277,0.71875,0.4527027027027027,Media,0.31336405529953915,0.2995391705069124,0
P0040,Salsa de soya,Comida Asiatica,137,37,115,2025-01-22,238,0.4409722222222222,0.7702702702702703,Alta,0.8394160583941606,0.27007299270072993,0
P0041,Luz LED USB,Electronica,60,58,8,2025-10-10,27,0.1736111111111111,0.0472972972972973,Baja,0.13333333333333333,0.9666666666666667,1
P0042,Organizador plastico,Hogar,295,32,111,2025-11-13,304,0.9895833333333334,0.7432432432432432,Alta,0.376271186440678,0.10847457627118644,0
P0043,Taza termica,Cocina,44,68,49,2025-01-17,172,0.1180555555555555,0.3243243243243243,Baja,1.1136363636363635,1.5454545454545454,0
P0044,Farol decorativo,Decoracion,108,41,24,2025-12-15,302,0.3402777777777778,0.1554054054054054,Baja,0.2222222222222222,0.37962962962962965,0
P0045,Figura Feng Shui,Decoracion,108,64,116,2025-07-10,253,0.3402777777777778,0.777027027027027,Alta,1.0740740740740742,0.5925925925925926,0
P0046,Figura Feng Shui,Decoracion,170,71,128,2025-01-18,281,0.5555555555555556,0.8581081081081081,Alta,0.7529411764705882,0.4176470588235294,0
P0047,Luz LED USB,Electronica,183,28,114,2025-10-15,342,0.6006944444444444,0.7635135135135135,Alta,0.6229508196721312,0.15300546448087432,0
P0048,Crema hidratante,Belleza,136,31,130,2025-09-30,104,0.4375,0.8716216216216216,Alta,0.9558823529411765,0.22794117647058823,0
P0049,Arena para gato,Mascotas,255,52,39,2025-06-19,247,0.8506944444444444,0.2567567567567568,Baja,0.15294117647058825,0.20392156862745098,0
P0050,Vaporizador de bambu,Cocina,22,64,135,2025-11-09,36,0.0416666666666666,0.9054054054054054,Alta,6.136363636363637,2.909090909090909,0
P0051,Ramen coreano,Comida Asiatica,273,20,142,2025-05-23,92,0.9131944444444444,0.9527027027027029,Alta,0.5201465201465202,0.07326007326007326,0
P0052,Caja multiuso,Hogar,297,67,86,2025-02-20,153,0.9965277777777778,0.5743243243243243,Media,0.2895622895622896,0.2255892255892256,0
P0053,Luz LED USB,Electronica,67,53,70,2025-09-28,54,0.1979166666666666,0.4662162162162163,Media,1.044776119402985,0.7910447761194029,0
P0054,Incienso japones,Decoracion,273,57,60,2025-04-18,5,0.9131944444444444,0.3986486486486487,Media,0.21978021978021978,0.2087912087912088,1
P0055,Crema hidratante,Belleza,56,59,52,2025-05-24,269,0.1597222222222222,0.3445945945945946,Baja,0.9285714285714286,1.0535714285714286,0
P0056,Repisa modular,Hogar,115,34,147,2025-05-25,120,0.3645833333333333,0.9864864864864864,Alta,1.2782608695652173,0.2956521739130435,0
P0057,Taza termica,Cocina,67,59,90,2025-08-17,117,0.1979166666666666,0.6013513513513513,Media,1.3432835820895523,0.8805970149253731,0
P0058,Cepillo facial,Belleza,138,62,122,2025-01-01,239,0.4444444444444444,0.8175675675675675,Alta,0.8840579710144928,0.4492753623188406,0
P0059,Repisa modular,Hogar,135,52,89,2025-08-25,272,0.4340277777777778,0.5945945945945946,Media,0.6592592592592592,0.3851851851851852,0
P0060,Cepillo facial,Belleza,78,26,93,2025-09-04,76,0.2361111111111111,0.6216216216216216,Media,1.1923076923076923,0.3333333333333333,0
P0061,Palillos chinos,Cocina,95,61,29,2025-08-08,69,0.2951388888888889,0.1891891891891892,Baja,0.30526315789473685,0.6421052631578947,0
P0062,Juguete para perro,Mascotas,213,20,85,2025-02-08,100,0.704861111111111,0.5675675675675675,Media,0.39906103286384975,0.09389671361502347,0
P0063,Shampoo canino,Mascotas,32,14,69,2025-04-10,290,0.0763888888888888,0.4594594594594595,Media,2.15625,0.4375,0
P0064,Fideos udon,Comida Asiatica,259,23,96,2025-09-14,325,0.8645833333333333,0.6418918918918919,Media,0.37065637065637064,0.0888030888030888,0
P0065,Fideos udon,Comida Asiatica,169,28,140,2025-06-27,163,0.5520833333333333,0.9391891891891893,Alta,0.8284023668639053,0.16568047337278108,0
P0066,Arena para gato,Mascotas,188,47,101,2025-09-25,323,0.6180555555555556,0.6756756756756757,Alta,0.5372340425531915,0.25,0
P0067,Arena para gato,Mascotas,177,78,43,2025-02-13,285,0.579861111111111,0.2837837837837838,Baja,0.24293785310734464,0.4406779661016949,0
P0068,Organizador plastico,Hogar,251,39,81,2025-03-31,264,0.8368055555555555,0.5405405405405406,Media,0.32270916334661354,0.1553784860557769,0
P0069,Escoba plegable,Hogar,114,11,58,2025-04-24,75,0.3611111111111111,0.3851351351351351,Media,0.5087719298245614,0.09649122807017543,0
P0070,Cuaderno kawaii,Papeleria,286,40,138,2025-12-23,192,0.9583333333333331,0.9256756756756755,Alta,0.4825174825174825,0.13986013986013987,0
P0071,Palillos chinos,Cocina,108,40,96,2025-06-01,151,0.3402777777777778,0.6418918918918919,Media,0.8888888888888888,0.37037037037037035,0
P0072,Incienso japones,Decoracion,192,17,23,2025-08-05,355,0.6319444444444444,0.1486486486486486,Baja,0.11979166666666667,0.08854166666666667,0
P0073,Medias termicas,Ropa,282,66,84,2025-08-05,342,0.9444444444444444,0.5608108108108107,Media,0.2978723404255319,0.23404255319148937,0
P0074,Palillos chinos,Cocina,109,16,147,2025-03-17,265,0.34375,0.9864864864864864,Alta,1.348623853211009,0.14678899082568808,0
P0075,Crema hidratante,Belleza,232,56,83,2025-05-24,69,0.7708333333333333,0.5540540540540541,Media,0.3577586206896552,0.2413793103448276,0
P0076,Taza termica,Cocina,34,56,123,2025-02-22,151,0.0833333333333333,0.8243243243243243,Alta,3.6176470588235294,1.6470588235294117,0
P0077,Pijama,Ropa,118,57,42,2025-07-05,223,0.375,0.277027027027027,Baja,0.3559322033898305,0.4830508474576271,0
P0078,Figura Feng Shui,Decoracion,224,79,146,2025-08-27,76,0.7430555555555555,0.9797297297297296,Alta,0.6517857142857143,0.35267857142857145,0
P0079,Medias termicas,Ropa,262,11,141,2025-06-17,170,0.875,0.945945945945946,Alta,0.5381679389312977,0.04198473282442748,0
P0080,Medias termicas,Ropa,292,70,5,2025-01-29,165,0.9791666666666666,0.027027027027027,Baja,0.017123287671232876,0.23972602739726026,0
P0081,Cable Tipo C,Electronica,145,69,86,2025-05-25,327,0.46875,0.5743243243243243,Media,0.593103448275862,0.47586206896551725,0
P0082,Polo basico,Ropa,141,40,70,2025-09-09,275,0.4548611111111111,0.4662162162162163,Media,0.49645390070921985,0.28368794326241137,0
P0083,Cable Tipo C,Electronica,100,78,90,2025-01-19,39,0.3125,0.6013513513513513,Media,0.9,0.78,0
P0084,Palillos chinos,Cocina,150,62,148,2025-11-13,361,0.486111111111111,0.9932432432432432,Alta,0.9866666666666667,0.41333333333333333,0
P0085,Mascarilla coreana,Belleza,199,67,113,2025-11-08,117,0.65625,0.7567567567567568,Alta,0.5678391959798995,0.33668341708542715,0
P0086,Luz LED USB,Electronica,53,49,61,2025-10-30,149,0.1493055555555555,0.4054054054054054,Media,1.150943396226415,0.9245283018867925,0
P0087,Mini ventilador USB,Electronica,212,40,147,2025-01-20,47,0.7013888888888888,0.9864864864864864,Alta,0.6933962264150944,0.18867924528301888,0
P0088,Polo basico,Ropa,23,19,1,2025-02-23,259,0.0451388888888888,0.0,Baja,0.043478260869565216,0.8260869565217391,0
P0089,Mascarilla coreana,Belleza,21,78,16,2025-12-24,156,0.0381944444444444,0.1013513513513513,Baja,0.7619047619047619,3.7142857142857144,0
P0090,Farol decorativo,Decoracion,173,12,60,2025-06-27,28,0.5659722222222222,0.3986486486486487,Media,0.3468208092485549,0.06936416184971098,1
P0091,Incienso japones,Decoracion,237,68,145,2025-07-20,212,0.7881944444444444,0.972972972972973,Alta,0.6118143459915611,0.2869198312236287,0
P0092,Palillos chinos,Cocina,91,73,47,2025-01-10,312,0.28125,0.3108108108108108,Baja,0.5164835164835165,0.8021978021978022,0
P0093,Escoba plegable,Hogar,14,37,118,2025-03-06,146,0.0138888888888888,0.7905405405405406,Alta,8.428571428571429,2.642857142857143,0
P0094,Plato para mascotas,Mascotas,291,67,86,2025-11-11,283,0.9756944444444444,0.5743243243243243,Media,0.29553264604810997,0.23024054982817868,0
P0095,Shampoo canino,Mascotas,107,5,149,2025-11-07,6,0.3368055555555555,1.0,Alta,1.3925233644859814,0.04672897196261682,1
P0096,Shampoo canino,Mascotas,142,7,23,2025-02-22,165,0.4583333333333333,0.1486486486486486,Baja,0.1619718309859155,0.04929577464788732,0
P0097,Palillos chinos,Cocina,94,77,110,2025-01-01,51,0.2916666666666667,0.7364864864864865,Alta,1.1702127659574468,0.8191489361702128,0
P0098,Ramen coreano,Comida Asiatica,297,38,92,2025-04-05,72,0.9965277777777778,0.6148648648648649,Media,0.30976430976430974,0.12794612794612795,0
P0099,Crema hidratante,Belleza,259,38,118,2025-09-16,306,0.8645833333333333,0.7905405405405406,Alta,0.4555984555984556,0.14671814671814673,0
P0100,Juguete para perro,Mascotas,231,61,145,2025-04-22,255,0.767361111111111,0.972972972972973,Alta,0.6277056277056277,0.26406926406926406,0
P0101,Cepillo facial,Belleza,238,18,66,2025-03-16,103,0.7916666666666666,0.4391891891891892,Media,0.2773109243697479,0.07563025210084033,0
P0102,Audifonos Bluetooth,Electronica,261,42,50,2025-04-08,338,0.8715277777777778,0.3310810810810811,Baja,0.19157088122605365,0.16091954022988506,0
P0103,Sarten antiadherente,Cocina,258,42,79,2025-01-30,247,0.861111111111111,0.527027027027027,Media,0.3062015503875969,0.16279069767441862,0
P0104,Palillos chinos,Cocina,142,33,132,2025-05-18,184,0.4583333333333333,0.8851351351351351,Alta,0.9295774647887324,0.2323943661971831,0
P0105,Correa retractil,Mascotas,282,73,34,2025-09-19,53,0.9444444444444444,0.2229729729729729,Baja,0.12056737588652482,0.25886524822695034,0
P0106,Organizador plastico,Hogar,135,47,115,2025-04-21,249,0.4340277777777778,0.7702702702702703,Alta,0.8518518518518519,0.34814814814814815,0
P0107,Cepillo facial,Belleza,104,79,118,2025-01-08,360,0.3263888888888889,0.7905405405405406,Alta,1.1346153846153846,0.7596153846153846,0
P0108,Ramen coreano,Comida Asiatica,204,71,93,2025-06-09,61,0.673611111111111,0.6216216216216216,Media,0.45588235294117646,0.3480392156862745,0
P0109,Sarten antiadherente,Cocina,286,9,92,2025-06-19,317,0.9583333333333331,0.6148648648648649,Media,0.32167832167832167,0.03146853146853147,0
P0110,Mini ventilador USB,Electronica,10,9,12,2025-12-12,46,0.0,0.0743243243243243,Baja,1.2,0.9,0
P0111,Organizador plastico,Hogar,87,49,73,2025-10-09,249,0.2673611111111111,0.4864864864864865,Media,0.8390804597701149,0.5632183908045977,0
P0112,Medias termicas,Ropa,248,60,94,2025-04-17,319,0.8263888888888888,0.6283783783783784,Media,0.3790322580645161,0.24193548387096775,0
P0113,Correa retractil,Mascotas,266,12,113,2025-12-21,253,0.8888888888888888,0.7567567567567568,Alta,0.424812030075188,0.045112781954887216,0
P0114,Fideos udon,Comida Asiatica,37,6,109,2025-06-03,14,0.0937499999999999,0.7297297297297297,Alta,2.945945945945946,0.16216216216216217,1
P0115,Stickers decorativos,Papeleria,16,7,111,2025-08-26,363,0.0208333333333333,0.7432432432432432,Alta,6.9375,0.4375,0
P0116,Caja multiuso,Hogar,236,19,119,2025-01-28,202,0.7847222222222222,0.7972972972972973,Alta,0.5042372881355932,0.08050847457627118,0
P0117,Mascarilla coreana,Belleza,282,48,25,2025-05-25,13,0.9444444444444444,0.1621621621621621,Baja,0.08865248226950355,0.1702127659574468,1
P0118,Ramen coreano,Comida Asiatica,77,14,67,2025-08-21,109,0.2326388888888889,0.445945945945946,Media,0.8701298701298701,0.18181818181818182,0
P0119,Escoba plegable,Hogar,237,38,111,2025-09-21,236,0.7881944444444444,0.7432432432432432,Alta,0.46835443037974683,0.16033755274261605,0
P0120,Vaporizador de bambu,Cocina,110,10,26,2025-11-16,226,0.3472222222222222,0.1689189189189189,Baja,0.23636363636363636,0.09090909090909091,0
P0121,Stickers decorativos,Papeleria,238,37,21,2025-07-17,70,0.7916666666666666,0.1351351351351351,Baja,0.08823529411764706,0.15546218487394958,0
P0122,Crema hidratante,Belleza,104,28,55,2025-05-17,247,0.3263888888888889,0.3648648648648649,Media,0.5288461538461539,0.2692307692307692,0
P0123,Sarten antiadherente,Cocina,40,44,36,2025-08-11,6,0.1041666666666666,0.2364864864864865,Baja,0.9,1.1,1
P0124,Repisa modular,Hogar,229,79,4,2025-12-01,134,0.7604166666666666,0.0202702702702702,Baja,0.017467248908296942,0.34497816593886466,0
P0125,Mini ventilador USB,Electronica,103,55,62,2025-07-13,335,0.3229166666666667,0.4121621621621622,Media,0.6019417475728155,0.5339805825242718,0
P0126,Lapicero gel,Papeleria,182,48,133,2025-11-22,118,0.5972222222222222,0.8918918918918919,Alta,0.7307692307692307,0.26373626373626374,0
P0127,Salsa de soya,Comida Asiatica,221,24,113,2025-05-20,47,0.7326388888888888,0.7567567567567568,Alta,0.5113122171945701,0.1085972850678733,0
P0128,Correa retractil,Mascotas,151,68,38,2025-10-20,139,0.4895833333333333,0.25,Baja,0.25165562913907286,0.4503311258278146,0
P0129,Te verde japones,Comida Asiatica,268,37,134,2025-06-27,10,0.8958333333333333,0.8986486486486487,Alta,0.5,0.13805970149253732,1
P0130,Figura Feng Shui,Decoracion,147,48,130,2025-01-13,168,0.4756944444444444,0.8716216216216216,Alta,0.8843537414965986,0.32653061224489793,0
P0131,Repisa modular,Hogar,110,77,17,2025-09-22,38,0.3472222222222222,0.1081081081081081,Baja,0.15454545454545454,0.7,0
P0132,Cepillo facial,Belleza,103,53,69,2025-11-14,236,0.3229166666666667,0.4594594594594595,Media,0.6699029126213593,0.5145631067961165,0
P0133,Caja multiuso,Hogar,146,38,76,2025-02-04,1,0.4722222222222222,0.5067567567567568,Media,0.5205479452054794,0.2602739726027397,1
P0134,Lapicero gel,Papeleria,69,68,93,2025-11-24,267,0.2048611111111111,0.6216216216216216,Media,1.3478260869565217,0.9855072463768116,0
P0135,Polo basico,Ropa,279,64,30,2025-10-18,213,0.9340277777777778,0.1959459459459459,Baja,0.10752688172043011,0.22939068100358423,0
P0136,Incienso japones,Decoracion,87,30,62,2025-05-12,89,0.2673611111111111,0.4121621621621622,Media,0.7126436781609196,0.3448275862068966,0
P0137,Medias termicas,Ropa,113,18,32,2025-06-28,125,0.3576388888888889,0.2094594594594594,Baja,0.2831858407079646,0.1592920353982301,0
P0138,Mini ventilador USB,Electronica,32,67,143,2025-06-02,145,0.0763888888888888,0.9594594594594594,Alta,4.46875,2.09375,0
P0139,Correa retractil,Mascotas,113,55,39,2025-07-17,134,0.3576388888888889,0.2567567567567568,Baja,0.34513274336283184,0.48672566371681414,0
P0140,Sarten antiadherente,Cocina,188,76,42,2025-01-15,111,0.6180555555555556,0.277027027027027,Baja,0.22340425531914893,0.40425531914893614,0
P0141,Juguete para perro,Mascotas,240,31,38,2025-04-07,289,0.798611111111111,0.25,Baja,0.15833333333333333,0.12916666666666668,0
P0142,Fideos udon,Comida Asiatica,19,9,123,2025-11-26,353,0.03125,0.8243243243243243,Alta,6.473684210526316,0.47368421052631576,0
P0143,Luz LED USB,Electronica,168,51,109,2025-08-04,184,0.548611111111111,0.7297297297297297,Alta,0.6488095238095238,0.30357142857142855,0
P0144,Cuaderno kawaii,Papeleria,166,51,68,2025-11-28,173,0.5416666666666666,0.4527027027027027,Media,0.40963855421686746,0.3072289156626506,0
P0145,Escoba plegable,Hogar,104,40,36,2025-10-09,299,0.3263888888888889,0.2364864864864865,Baja,0.34615384615384615,0.38461538461538464,0
P0146,Figura Feng Shui,Decoracion,263,78,104,2025-02-07,134,0.8784722222222222,0.6959459459459459,Alta,0.39543726235741444,0.2965779467680608,0
P0147,Stickers decorativos,Papeleria,227,17,104,2025-07-29,111,0.7534722222222222,0.6959459459459459,Alta,0.4581497797356828,0.07488986784140969,0
P0148,Stickers decorativos,Papeleria,142,41,72,2025-05-07,106,0.4583333333333333,0.4797297297297297,Media,0.5070422535211268,0.2887323943661972,0
P0149,Juguete para perro,Mascotas,296,13,51,2025-01-29,296,0.9930555555555556,0.3378378378378379,Baja,0.17229729729729729,0.04391891891891892,0
P0150,Medias termicas,Ropa,276,27,1,2025-10-29,101,0.923611111111111,0.0,Baja,0.0036231884057971015,0.09782608695652174,0
P0151,Farol decorativo,Decoracion,119,40,57,2025-01-01,319,0.3784722222222222,0.3783783783783784,Media,0.4789915966386555,0.33613445378151263,0
P0152,Cable Tipo C,Electronica,158,51,53,2025-05-17,202,0.5138888888888888,0.3513513513513513,Media,0.33544303797468356,0.3227848101265823,0
P0153,Ramen coreano,Comida Asiatica,126,30,35,2025-03-04,244,0.4027777777777778,0.2297297297297297,Baja,0.2777777777777778,0.23809523809523808,0
P0154,Medias termicas,Ropa,84,42,130,2025-07-29,347,0.2569444444444444,0.8716216216216216,Alta,1.5476190476190477,0.5,0
P0155,Plato para mascotas,Mascotas,260,55,25,2025-06-29,198,0.8680555555555555,0.1621621621621621,Baja,0.09615384615384616,0.21153846153846154,0
P0156,Incienso japones,Decoracion,186,33,63,2025-05-30,154,0.611111111111111,0.4189189189189189,Media,0.3387096774193548,0.1774193548387097,0
P0157,Organizador plastico,Hogar,58,75,81,2025-03-25,361,0.1666666666666666,0.5405405405405406,Media,1.396551724137931,1.293103448275862,0
P0158,Juguete para perro,Mascotas,127,67,104,2025-02-18,327,0.40625,0.6959459459459459,Alta,0.8188976377952756,0.5275590551181102,0
P0159,Shampoo canino,Mascotas,224,55,123,2025-07-30,318,0.7430555555555555,0.8243243243243243,Alta,0.5491071428571429,0.24553571428571427,0
P0160,Shampoo canino,Mascotas,295,20,19,2025-01-18,257,0.9895833333333334,0.1216216216216216,Baja,0.06440677966101695,0.06779661016949153,0
P0161,Sarten antiadherente,Cocina,203,42,63,2025-05-12,264,0.6701388888888888,0.4189189189189189,Media,0.3103448275862069,0.20689655172413793,0
P0162,Cepillo facial,Belleza,140,36,10,2025-06-11,87,0.4513888888888889,0.0608108108108108,Baja,0.07142857142857142,0.2571428571428571,0
P0163,Crema hidratante,Belleza,17,69,57,2025-09-04,323,0.0243055555555555,0.3783783783783784,Media,3.3529411764705883,4.0588235294117645,0
P0164,Stickers decorativos,Papeleria,264,76,54,2025-09-06,239,0.8819444444444444,0.3581081081081081,Media,0.20454545454545456,0.2878787878787879,0
P0165,Figura Feng Shui,Decoracion,60,12,35,2025-04-06,88,0.1736111111111111,0.2297297297297297,Baja,0.5833333333333334,0.2,0
P0166,Lapicero gel,Papeleria,174,58,142,2025-08-11,311,0.5694444444444444,0.9527027027027029,Alta,0.8160919540229885,0.3333333333333333,0
P0167,Escoba plegable,Hogar,272,37,85,2025-05-27,112,0.9097222222222222,0.5675675675675675,Media,0.3125,0.13602941176470587,0
P0168,Taza termica,Cocina,294,64,82,2025-01-02,303,0.986111111111111,0.5472972972972973,Media,0.2789115646258503,0.21768707482993196,0
P0169,Figura Feng Shui,Decoracion,243,6,119,2025-01-20,261,0.8090277777777778,0.7972972972972973,Alta,0.4897119341563786,0.024691358024691357,0
P0170,Farol decorativo,Decoracion,265,13,53,2025-12-21,342,0.8854166666666666,0.3513513513513513,Media,0.2,0.04905660377358491,0
P0171,Cuaderno kawaii,Papeleria,211,34,120,2025-02-28,215,0.6979166666666666,0.8040540540540541,Alta,0.5687203791469194,0.16113744075829384,0
P0172,Correa retractil,Mascotas,124,18,9,2025-02-09,237,0.3958333333333333,0.054054054054054,Baja,0.07258064516129033,0.14516129032258066,0
P0173,Pijama,Ropa,210,26,4,2025-06-03,29,0.6944444444444444,0.0202702702702702,Baja,0.01904761904761905,0.12380952380952381,1
P0174,Escoba plegable,Hogar,84,74,146,2025-05-08,341,0.2569444444444444,0.9797297297297296,Alta,1.7380952380952381,0.8809523809523809,0
P0175,Ramen coreano,Comida Asiatica,43,21,122,2025-03-17,87,0.1145833333333333,0.8175675675675675,Alta,2.8372093023255816,0.4883720930232558,0
P0176,Farol decorativo,Decoracion,36,61,31,2025-05-14,219,0.0902777777777777,0.2027027027027027,Baja,0.8611111111111112,1.6944444444444444,0
P0177,Lapicero gel,Papeleria,277,57,138,2025-06-22,190,0.9270833333333331,0.9256756756756755,Alta,0.4981949458483754,0.20577617328519857,0
P0178,Repisa modular,Hogar,202,55,36,2025-10-09,29,0.6666666666666666,0.2364864864864865,Baja,0.1782178217821782,0.2722772277227723,1
P0179,Figura Feng Shui,Decoracion,20,40,113,2025-07-06,295,0.0347222222222222,0.7567567567567568,Alta,5.65,2.0,0
P0180,Stickers decorativos,Papeleria,107,59,111,2025-06-01,246,0.3368055555555555,0.7432432432432432,Alta,1.0373831775700935,0.5514018691588785,0
P0181,Mini ventilador USB,Electronica,298,40,148,2025-08-15,244,1.0,0.9932432432432432,Alta,0.4966442953020134,0.1342281879194631,0
P0182,Plato para mascotas,Mascotas,210,30,73,2025-07-20,296,0.6944444444444444,0.4864864864864865,Media,0.3476190476190476,0.14285714285714285,0
P0183,Arena para gato,Mascotas,226,65,104,2025-02-11,25,0.75,0.6959459459459459,Alta,0.46017699115044247,0.28761061946902655,1
P0184,Cepillo facial,Belleza,140,48,102,2025-12-20,12,0.4513888888888889,0.6824324324324325,Alta,0.7285714285714285,0.34285714285714286,1
P0185,Palillos chinos,Cocina,53,63,49,2025-01-17,330,0.1493055555555555,0.3243243243243243,Baja,0.9245283018867925,1.1886792452830188,0
P0186,Pijama,Ropa,21,66,80,2025-08-04,339,0.0381944444444444,0.5337837837837838,Media,3.8095238095238093,3.142857142857143,0
P0187,Stickers decorativos,Papeleria,158,74,25,2025-03-30,268,0.5138888888888888,0.1621621621621621,Baja,0.15822784810126583,0.46835443037974683,0
P0188,Polo basico,Ropa,35,51,32,2025-09-23,16,0.0868055555555555,0.2094594594594594,Baja,0.9142857142857143,1.457142857142857,1
P0189,Mascarilla coreana,Belleza,291,11,14,2025-12-01,117,0.9756944444444444,0.0878378378378378,Baja,0.048109965635738834,0.037800687285223365,0
P0190,Mascarilla coreana,Belleza,185,76,59,2025-08-03,82,0.6076388888888888,0.3918918918918919,Media,0.31891891891891894,0.41081081081081083,0
P0191,Salsa de soya,Comida Asiatica,112,21,14,2025-06-08,152,0.3541666666666666,0.0878378378378378,Baja,0.125,0.1875,0
P0192,Taza termica,Cocina,197,49,98,2025-05-11,293,0.6493055555555556,0.6554054054054054,Media,0.49746192893401014,0.24873096446700507,0
P0193,Lapicero gel,Papeleria,192,43,15,2025-01-04,349,0.6319444444444444,0.0945945945945946,Baja,0.078125,0.22395833333333334,0
P0194,Mini ventilador USB,Electronica,219,37,16,2025-04-18,311,0.7256944444444444,0.1013513513513513,Baja,0.0730593607305936,0.1689497716894977,0
P0195,Vaporizador de bambu,Cocina,43,34,13,2025-05-21,274,0.1145833333333333,0.081081081081081,Baja,0.3023255813953488,0.7906976744186046,0
P0196,Sarten antiadherente,Cocina,48,50,29,2025-11-14,245,0.1319444444444444,0.1891891891891892,Baja,0.6041666666666666,1.0416666666666667,0
P0197,Pijama,Ropa,275,34,103,2025-12-06,65,0.9201388888888888,0.6891891891891891,Alta,0.37454545454545457,0.12363636363636364,0
P0198,Plato para mascotas,Mascotas,151,34,68,2025-05-26,293,0.4895833333333333,0.4527027027027027,Media,0.4503311258278146,0.2251655629139073,0
P0199,Polo basico,Ropa,82,19,49,2025-12-10,140,0.25,0.3243243243243243,Baja,0.5975609756097561,0.23170731707317074,0
P0200,Incienso japones,Decoracion,207,43,63,2025-10-29,344,0.6840277777777778,0.4189189189189189,Media,0.30434782608695654,0.20772946859903382,0
P0201,Organizador plastico,Hogar,208,56,4,2025-02-28,72,0.6875,0.0202702702702702,Baja,0.019230769230769232,0.2692307692307692,0
P0202,Te verde japones,Comida Asiatica,72,58,117,2025-08-31,330,0.2152777777777778,0.7837837837837838,Alta,1.625,0.8055555555555556,0
P0203,Organizador plastico,Hogar,227,45,3,2025-09-19,5,0.7534722222222222,0.0135135135135135,Baja,0.013215859030837005,0.19823788546255505,1
P0204,Farol decorativo,Decoracion,56,53,9,2025-04-09,20,0.1597222222222222,0.054054054054054,Baja,0.16071428571428573,0.9464285714285714,1
P0205,Shampoo canino,Mascotas,187,66,145,2025-08-04,3,0.6145833333333333,0.972972972972973,Alta,0.7754010695187166,0.35294117647058826,1
P0206,Vaporizador de bambu,Cocina,278,77,68,2025-12-23,98,0.9305555555555556,0.4527027027027027,Media,0.2446043165467626,0.27697841726618705,0
P0207,Pijama,Ropa,132,33,137,2025-07-14,226,0.4236111111111111,0.918918918918919,Alta,1.0378787878787878,0.25,0
P0208,Pijama,Ropa,49,29,5,2025-08-14,124,0.1354166666666666,0.027027027027027,Baja,0.10204081632653061,0.5918367346938775,0
P0209,Audifonos Bluetooth,Electronica,260,9,90,2025-02-06,316,0.8680555555555555,0.6013513513513513,Media,0.34615384615384615,0.03461538461538462,0
P0210,Incienso japones,Decoracion,90,44,45,2025-08-12,318,0.2777777777777778,0.2972972972972973,Baja,0.5,0.4888888888888889,0
P0211,Vaporizador de bambu,Cocina,65,44,98,2025-02-09,347,0.1909722222222222,0.6554054054054054,Media,1.5076923076923077,0.676923076923077,0
P0212,Plato para mascotas,Mascotas,177,63,59,2025-10-31,169,0.579861111111111,0.3918918918918919,Media,0.3333333333333333,0.3559322033898305,0
P0213,Polo basico,Ropa,179,67,7,2025-05-13,235,0.5868055555555556,0.0405405405405405,Baja,0.03910614525139665,0.3743016759776536,0
P0214,Pijama,Ropa,40,27,138,2025-06-09,363,0.1041666666666666,0.9256756756756755,Alta,3.45,0.675,0
P0215,Farol decorativo,Decoracion,48,35,82,2025-12-22,258,0.1319444444444444,0.5472972972972973,Media,1.7083333333333333,0.7291666666666666,0
P0216,Crema hidratante,Belleza,233,17,46,2025-06-04,113,0.7743055555555555,0.3040540540540541,Baja,0.19742489270386265,0.07296137339055794,0
P0217,Polo basico,Ropa,232,64,88,2025-12-31,163,0.7708333333333333,0.5878378378378378,Media,0.3793103448275862,0.27586206896551724,0
P0218,Cable Tipo C,Electronica,83,67,60,2025-12-01,222,0.2534722222222222,0.3986486486486487,Media,0.7228915662650602,0.8072289156626506,0
P0219,Incienso japones,Decoracion,287,72,148,2025-12-18,242,0.9618055555555556,0.9932432432432432,Alta,0.5156794425087108,0.2508710801393728,0
P0220,Salsa de soya,Comida Asiatica,201,21,12,2025-07-12,22,0.6631944444444444,0.0743243243243243,Baja,0.05970149253731343,0.1044776119402985,1
P0221,Stickers decorativos,Papeleria,219,54,14,2025-07-11,175,0.7256944444444444,0.0878378378378378,Baja,0.0639269406392694,0.2465753424657534,0
P0222,Salsa de soya,Comida Asiatica,236,56,125,2025-01-07,29,0.7847222222222222,0.8378378378378378,Alta,0.5296610169491526,0.23728813559322035,1
P0223,Plato para mascotas,Mascotas,67,30,29,2025-01-04,99,0.1979166666666666,0.1891891891891892,Baja,0.43283582089552236,0.44776119402985076,0
P0224,Pijama,Ropa,280,33,75,2025-10-15,130,0.9375,0.5,Media,0.26785714285714285,0.11785714285714285,0
P0225,Salsa de soya,Comida Asiatica,36,71,81,2025-08-24,92,0.0902777777777777,0.5405405405405406,Media,2.25,1.9722222222222223,0
P0226,Figura Feng Shui,Decoracion,93,10,147,2025-09-14,58,0.2881944444444444,0.9864864864864864,Alta,1.5806451612903225,0.10752688172043011,0
P0227,Cable Tipo C,Electronica,171,65,64,2025-10-08,280,0.5590277777777778,0.4256756756756757,Media,0.3742690058479532,0.38011695906432746,0
P0228,Escoba plegable,Hogar,217,31,72,2025-03-01,145,0.71875,0.4797297297297297,Media,0.3317972350230415,0.14285714285714285,0
P0229,Figura Feng Shui,Decoracion,36,50,50,2025-07-18,349,0.0902777777777777,0.3310810810810811,Baja,1.3888888888888888,1.3888888888888888,0
P0230,Farol decorativo,Decoracion,55,19,17,2025-08-24,340,0.15625,0.1081081081081081,Baja,0.3090909090909091,0.34545454545454546,0
P0231,Ramen coreano,Comida Asiatica,175,52,63,2025-08-02,117,0.5729166666666666,0.4189189189189189,Media,0.36,0.29714285714285715,0
P0232,Repisa modular,Hogar,81,15,64,2025-07-24,209,0.2465277777777778,0.4256756756756757,Media,0.7901234567901234,0.18518518518518517,0
P0233,Cuaderno kawaii,Papeleria,283,68,82,2025-04-05,166,0.9479166666666666,0.5472972972972973,Media,0.28975265017667845,0.24028268551236748,0
P0234,Polo basico,Ropa,111,45,136,2025-09-24,214,0.3506944444444444,0.9121621621621622,Alta,1.2252252252252251,0.40540540540540543,0
P0235,Taza termica,Cocina,50,21,76,2025-02-15,160,0.1388888888888889,0.5067567567567568,Media,1.52,0.42,0
P0236,Luz LED USB,Electronica,101,24,97,2025-01-02,225,0.3159722222222222,0.6486486486486487,Media,0.9603960396039604,0.2376237623762376,0
P0237,Arena para gato,Mascotas,86,30,103,2025-07-13,166,0.2638888888888889,0.6891891891891891,Alta,1.197674418604651,0.3488372093023256,0
P0238,Crema hidratante,Belleza,183,19,106,2025-11-01,360,0.6006944444444444,0.7094594594594594,Alta,0.5792349726775956,0.10382513661202186,0
P0239,Sarten antiadherente,Cocina,18,10,73,2025-12-25,223,0.0277777777777777,0.4864864864864865,Media,4.055555555555555,0.5555555555555556,0
P0240,Medias termicas,Ropa,213,12,72,2025-06-27,348,0.704861111111111,0.4797297297297297,Media,0.3380281690140845,0.056338028169014086,0
P0241,Salsa de soya,Comida Asiatica,16,79,84,2025-07-27,314,0.0208333333333333,0.5608108108108107,Media,5.25,4.9375,0
P0242,Luz LED USB,Electronica,12,45,106,2025-01-14,12,0.0069444444444444,0.7094594594594594,Alta,8.833333333333334,3.75,1
P0243,Mascarilla coreana,Belleza,34,49,122,2025-05-27,55,0.0833333333333333,0.8175675675675675,Alta,3.588235294117647,1.4411764705882353,0
P0244,Te verde japones,Comida Asiatica,230,57,32,2025-11-03,300,0.7638888888888888,0.2094594594594594,Baja,0.1391304347826087,0.24782608695652175,0
P0245,Caja multiuso,Hogar,220,26,37,2025-12-18,312,0.7291666666666666,0.2432432432432432,Baja,0.16818181818181818,0.11818181818181818,0
P0246,Pijama,Ropa,140,32,35,2025-04-03,207,0.4513888888888889,0.2297297297297297,Baja,0.25,0.22857142857142856,0
P0247,Juguete para perro,Mascotas,222,35,24,2025-10-20,4,0.736111111111111,0.1554054054054054,Baja,0.10810810810810811,0.15765765765765766,1
P0248,Mochi,Comida Asiatica,161,54,96,2025-04-15,250,0.5243055555555556,0.6418918918918919,Media,0.5962732919254659,0.33540372670807456,0
P0249,Farol decorativo,Decoracion,237,70,79,2025-09-19,295,0.7881944444444444,0.527027027027027,Media,0.3333333333333333,0.29535864978902954,0
P0250,Sarten antiadherente,Cocina,195,16,131,2025-08-25,18,0.642361111111111,0.8783783783783784,Alta,0.6717948717948717,0.08205128205128205,1
P0251,Cuaderno kawaii,Papeleria,234,30,8,2025-04-10,240,0.7777777777777778,0.0472972972972973,Baja,0.03418803418803419,0.1282051282051282,0
P0252,Crema hidratante,Belleza,23,6,119,2025-10-20,325,0.0451388888888888,0.7972972972972973,Alta,5.173913043478261,0.2608695652173913,0
P0253,Mini ventilador USB,Electronica,50,66,60,2025-04-21,14,0.1388888888888889,0.3986486486486487,Media,1.2,1.32,1
P0254,Stickers decorativos,Papeleria,93,6,70,2025-05-25,345,0.2881944444444444,0.4662162162162163,Media,0.7526881720430108,0.06451612903225806,0
P0255,Medias termicas,Ropa,172,9,45,2025-10-30,287,0.5625,0.2972972972972973,Baja,0.2616279069767442,0.05232558139534884,0
P0256,Vaporizador de bambu,Cocina,279,78,93,2025-09-23,332,0.9340277777777778,0.6216216216216216,Media,0.3333333333333333,0.27956989247311825,0
P0257,Polo basico,Ropa,142,24,8,2025-06-20,1,0.4583333333333333,0.0472972972972973,Baja,0.056338028169014086,0.16901408450704225,1
P0258,Medias termicas,Ropa,293,41,49,2025-04-30,44,0.982638888888889,0.3243243243243243,Baja,0.16723549488054607,0.13993174061433447,0
P0259,Stickers decorativos,Papeleria,216,10,108,2025-09-08,334,0.7152777777777778,0.722972972972973,Alta,0.5,0.046296296296296294,0
P0260,Organizador plastico,Hogar,29,30,29,2025-01-01,119,0.0659722222222222,0.1891891891891892,Baja,1.0,1.0344827586206897,0
P0261,Vaporizador de bambu,Cocina,254,63,69,2025-06-10,179,0.8472222222222222,0.4594594594594595,Media,0.27165354330708663,0.24803149606299213,0
P0262,Te verde japones,Comida Asiatica,251,47,126,2025-08-05,306,0.8368055555555555,0.8445945945945946,Alta,0.50199203187251,0.18725099601593626,0
P0263,Pijama,Ropa,232,60,38,2025-12-06,151,0.7708333333333333,0.25,Baja,0.16379310344827586,0.25862068965517243,0
P0264,Fideos udon,Comida Asiatica,243,12,85,2025-05-09,264,0.8090277777777778,0.5675675675675675,Media,0.3497942386831276,0.04938271604938271,0
P0265,Mini ventilador USB,Electronica,95,51,34,2025-07-12,311,0.2951388888888889,0.2229729729729729,Baja,0.35789473684210527,0.5368421052631579,0
P0266,Crema hidratante,Belleza,123,21,26,2025-05-16,303,0.3923611111111111,0.1689189189189189,Baja,0.21138211382113822,0.17073170731707318,0
P0267,Cuaderno kawaii,Papeleria,85,76,89,2025-10-29,289,0.2604166666666667,0.5945945945945946,Media,1.0470588235294118,0.8941176470588236,0
P0268,Plato para mascotas,Mascotas,296,18,53,2025-10-31,69,0.9930555555555556,0.3513513513513513,Media,0.17905405405405406,0.060810810810810814,0
P0269,Medias termicas,Ropa,229,70,63,2025-03-14,161,0.7604166666666666,0.4189189189189189,Media,0.27510917030567683,0.3056768558951965,0
P0270,Polo basico,Ropa,185,17,73,2025-09-02,77,0.6076388888888888,0.4864864864864865,Media,0.3945945945945946,0.0918918918918919,0
P0271,Pijama,Ropa,107,8,102,2025-01-19,82,0.3368055555555555,0.6824324324324325,Alta,0.9532710280373832,0.07476635514018691,0
P0272,Pijama,Ropa,138,58,89,2025-08-01,143,0.4444444444444444,0.5945945945945946,Media,0.644927536231884,0.42028985507246375,0
P0273,Juguete para perro,Mascotas,208,19,149,2025-11-12,93,0.6875,1.0,Alta,0.7163461538461539,0.09134615384615384,0
P0274,Polo basico,Ropa,233,39,102,2025-09-24,355,0.7743055555555555,0.6824324324324325,Alta,0.43776824034334766,0.16738197424892703,0
P0275,Lapicero gel,Papeleria,274,7,85,2025-10-09,328,0.9166666666666666,0.5675675675675675,Media,0.3102189781021898,0.025547445255474453,0
P0276,Caja multiuso,Hogar,126,30,12,2025-05-13,304,0.4027777777777778,0.0743243243243243,Baja,0.09523809523809523,0.23809523809523808,0
P0277,Figura Feng Shui,Decoracion,237,19,43,2025-12-09,326,0.7881944444444444,0.2837837837837838,Baja,0.18143459915611815,0.08016877637130802,0
P0278,Repisa modular,Hogar,30,27,107,2025-12-02,303,0.0694444444444444,0.7162162162162162,Alta,3.566666666666667,0.9,0
P0279,Figura Feng Shui,Decoracion,290,40,51,2025-09-28,324,0.9722222222222222,0.3378378378378379,Baja,0.17586206896551723,0.13793103448275862,0
P0280,Incienso japones,Decoracion,284,38,78,2025-02-21,27,0.9513888888888888,0.5202702702702703,Media,0.2746478873239437,0.13380281690140844,1
P0281,Taza termica,Cocina,153,40,146,2025-01-02,77,0.4965277777777778,0.9797297297297296,Alta,0.954248366013072,0.26143790849673204,0
P0282,Fideos udon,Comida Asiatica,272,78,39,2025-06-08,71,0.9097222222222222,0.2567567567567568,Baja,0.14338235294117646,0.2867647058823529,0
P0283,Cuaderno kawaii,Papeleria,45,72,118,2025-09-20,310,0.1215277777777777,0.7905405405405406,Alta,2.6222222222222222,1.6,0
P0284,Juguete para perro,Mascotas,182,51,123,2025-05-21,118,0.5972222222222222,0.8243243243243243,Alta,0.6758241758241759,0.2802197802197802,0
P0285,Farol decorativo,Decoracion,229,13,26,2025-01-09,271,0.7604166666666666,0.1689189189189189,Baja,0.11353711790393013,0.056768558951965066,0
P0286,Lapicero gel,Papeleria,130,46,72,2025-06-01,208,0.4166666666666666,0.4797297297297297,Media,0.5538461538461539,0.35384615384615387,0
P0287,Correa retractil,Mascotas,77,54,19,2025-04-10,60,0.2326388888888889,0.1216216216216216,Baja,0.24675324675324675,0.7012987012987013,0
P0288,Crema hidratante,Belleza,155,23,69,2025-06-24,49,0.5034722222222222,0.4594594594594595,Media,0.44516129032258067,0.14838709677419354,0
P0289,Taza termica,Cocina,235,37,119,2025-05-29,150,0.78125,0.7972972972972973,Alta,0.5063829787234042,0.1574468085106383,0
P0290,Figura Feng Shui,Decoracion,169,15,138,2025-03-19,77,0.5520833333333333,0.9256756756756755,Alta,0.8165680473372781,0.08875739644970414,0
P0291,Medias termicas,Ropa,267,68,35,2025-09-20,85,0.892361111111111,0.2297297297297297,Baja,0.13108614232209737,0.2546816479400749,0
P0292,Escoba plegable,Hogar,51,43,24,2025-07-07,302,0.1423611111111111,0.1554054054054054,Baja,0.47058823529411764,0.8431372549019608,0
P0293,Taza termica,Cocina,227,46,32,2025-06-16,109,0.7534722222222222,0.2094594594594594,Baja,0.14096916299559473,0.2026431718061674,0
P0294,Te verde japones,Comida Asiatica,173,7,73,2025-05-16,353,0.5659722222222222,0.4864864864864865,Media,0.42196531791907516,0.04046242774566474,0
P0295,Mini ventilador USB,Electronica,205,17,49,2025-11-12,130,0.6770833333333333,0.3243243243243243,Baja,0.23902439024390243,0.08292682926829269,0
P0296,Figura Feng Shui,Decoracion,169,25,8,2025-08-18,200,0.5520833333333333,0.0472972972972973,Baja,0.047337278106508875,0.14792899408284024,0
P0297,Escoba plegable,Hogar,67,7,86,2025-11-22,130,0.1979166666666666,0.5743243243243243,Media,1.2835820895522387,0.1044776119402985,0
P0298,Crema hidratante,Belleza,111,39,98,2025-10-13,116,0.3506944444444444,0.6554054054054054,Media,0.8828828828828829,0.35135135135135137,0
P0299,Lapicero gel,Papeleria,45,73,77,2025-10-14,303,0.1215277777777777,0.5135135135135135,Media,1.711111111111111,1.6222222222222222,0
P0300,Pijama,Ropa,217,66,121,2025-02-24,12,0.71875,0.8108108108108109,Alta,0.5576036866359447,0.30414746543778803,1
P0301,Juguete para perro,Mascotas,145,7,144,2025-01-30,237,0.46875,0.9662162162162162,Alta,0.993103448275862,0.04827586206896552,0
P0302,Cepillo facial,Belleza,113,9,104,2025-09-05,364,0.3576388888888889,0.6959459459459459,Alta,0.9203539823008849,0.07964601769911504,0
P0303,Arena para gato,Mascotas,295,25,84,2025-08-19,288,0.9895833333333334,0.5608108108108107,Media,0.2847457627118644,0.0847457627118644,0
P0304,Shampoo canino,Mascotas,281,42,142,2025-10-19,151,0.9409722222222222,0.9527027027027029,Alta,0.505338078291815,0.1494661921708185,0
P0305,Organizador plastico,Hogar,75,6,75,2025-11-19,180,0.2256944444444444,0.5,Media,1.0,0.08,0
P0306,Crema hidratante,Belleza,205,59,6,2025-05-23,342,0.6770833333333333,0.0337837837837837,Baja,0.02926829268292683,0.28780487804878047,0
P0307,Farol decorativo,Decoracion,21,53,42,2025-06-15,82,0.0381944444444444,0.277027027027027,Baja,2.0,2.5238095238095237,0
P0308,Vaporizador de bambu,Cocina,225,34,134,2025-03-08,336,0.7465277777777778,0.8986486486486487,Alta,0.5955555555555555,0.1511111111111111,0
P0309,Crema hidratante,Belleza,82,19,149,2025-06-12,66,0.25,1.0,Alta,1.8170731707317074,0.23170731707317074,0
P0310,Escoba plegable,Hogar,215,24,10,2025-01-25,281,0.7118055555555556,0.0608108108108108,Baja,0.046511627906976744,0.11162790697674418,0
P0311,Mini ventilador USB,Electronica,173,18,65,2025-04-20,336,0.5659722222222222,0.4324324324324324,Media,0.37572254335260113,0.10404624277456648,0
P0312,Luz LED USB,Electronica,34,17,117,2025-01-25,79,0.0833333333333333,0.7837837837837838,Alta,3.4411764705882355,0.5,0
P0313,Te verde japones,Comida Asiatica,21,36,128,2025-04-06,92,0.0381944444444444,0.8581081081081081,Alta,6.095238095238095,1.7142857142857142,0
P0314,Fideos udon,Comida Asiatica,169,47,130,2025-03-01,151,0.5520833333333333,0.8716216216216216,Alta,0.7692307692307693,0.2781065088757396,0
P0315,Sarten antiadherente,Cocina,14,38,10,2025-12-11,130,0.0138888888888888,0.0608108108108108,Baja,0.7142857142857143,2.7142857142857144,0
P0316,Organizador plastico,Hogar,65,77,83,2025-04-09,149,0.1909722222222222,0.5540540540540541,Media,1.2769230769230768,1.1846153846153846,0
P0317,Medias termicas,Ropa,272,20,97,2025-09-17,260,0.9097222222222222,0.6486486486486487,Media,0.35661764705882354,0.07352941176470588,0
P0318,Mascarilla coreana,Belleza,110,56,52,2025-05-04,231,0.3472222222222222,0.3445945945945946,Baja,0.4727272727272727,0.509090909090909,0
P0319,Escoba plegable,Hogar,125,67,62,2025-09-13,7,0.3993055555555555,0.4121621621621622,Media,0.496,0.536,1
P0320,Luz LED USB,Electronica,238,9,130,2025-03-03,219,0.7916666666666666,0.8716216216216216,Alta,0.5462184873949579,0.037815126050420166,0
P0321,Farol decorativo,Decoracion,239,25,138,2025-11-10,65,0.7951388888888888,0.9256756756756755,Alta,0.5774058577405857,0.10460251046025104,0
P0322,Farol decorativo,Decoracion,251,57,82,2025-06-22,160,0.8368055555555555,0.5472972972972973,Media,0.32669322709163345,0.22709163346613545,0
P0323,Ramen coreano,Comida Asiatica,197,15,149,2025-11-04,256,0.6493055555555556,1.0,Alta,0.7563451776649747,0.07614213197969544,0
P0324,Mascarilla coreana,Belleza,291,72,34,2025-02-21,112,0.9756944444444444,0.2229729729729729,Baja,0.11683848797250859,0.24742268041237114,0
P0325,Repisa modular,Hogar,236,56,42,2025-01-21,42,0.7847222222222222,0.277027027027027,Baja,0.17796610169491525,0.23728813559322035,0
P0326,Arena para gato,Mascotas,201,21,120,2025-05-09,130,0.6631944444444444,0.8040540540540541,Alta,0.5970149253731343,0.1044776119402985,0
P0327,Correa retractil,Mascotas,251,62,21,2025-10-11,203,0.8368055555555555,0.1351351351351351,Baja,0.08366533864541832,0.24701195219123506,0
P0328,Crema hidratante,Belleza,273,63,79,2025-12-09,344,0.9131944444444444,0.527027027027027,Media,0.2893772893772894,0.23076923076923078,0
P0329,Palillos chinos,Cocina,96,12,77,2025-07-19,87,0.2986111111111111,0.5135135135135135,Media,0.8020833333333334,0.125,0
P0330,Shampoo canino,Mascotas,161,21,133,2025-05-28,277,0.5243055555555556,0.8918918918918919,Alta,0.8260869565217391,0.13043478260869565,0
P0331,Lapicero gel,Papeleria,237,15,143,2025-07-30,28,0.7881944444444444,0.9594594594594594,Alta,0.6033755274261603,0.06329113924050633,1
P0332,Sarten antiadherente,Cocina,270,9,94,2025-12-18,8,0.9027777777777778,0.6283783783783784,Media,0.34814814814814815,0.03333333333333333,1
P0333,Cable Tipo C,Electronica,229,12,104,2025-11-25,49,0.7604166666666666,0.6959459459459459,Alta,0.45414847161572053,0.05240174672489083,0
P0334,Mochi,Comida Asiatica,87,45,122,2025-04-29,190,0.2673611111111111,0.8175675675675675,Alta,1.4022988505747127,0.5172413793103449,0
P0335,Caja multiuso,Hogar,158,40,140,2025-12-13,258,0.5138888888888888,0.9391891891891893,Alta,0.8860759493670886,0.25316455696202533,0
P0336,Mini ventilador USB,Electronica,190,36,95,2025-10-15,288,0.625,0.6351351351351351,Media,0.5,0.18947368421052632,0
P0337,Escoba plegable,Hogar,19,19,17,2025-07-02,153,0.03125,0.1081081081081081,Baja,0.8947368421052632,1.0,0
P0338,Stickers decorativos,Papeleria,133,26,32,2025-06-23,113,0.4270833333333333,0.2094594594594594,Baja,0.24060150375939848,0.19548872180451127,0
P0339,Cuaderno kawaii,Papeleria,131,36,119,2025-02-08,268,0.4201388888888889,0.7972972972972973,Alta,0.9083969465648855,0.2748091603053435,0
P0340,Pijama,Ropa,27,25,141,2025-05-29,126,0.0590277777777777,0.945945945945946,Alta,5.222222222222222,0.9259259259259259,0
P0341,Lapicero gel,Papeleria,247,11,86,2025-05-30,235,0.8229166666666666,0.5743243243243243,Media,0.3481781376518219,0.044534412955465584,0
P0342,Medias termicas,Ropa,294,17,2,2025-01-29,213,0.986111111111111,0.0067567567567567,Baja,0.006802721088435374,0.05782312925170068,0
P0343,Salsa de soya,Comida Asiatica,59,27,88,2025-02-13,278,0.1701388888888889,0.5878378378378378,Media,1.4915254237288136,0.4576271186440678,0
P0344,Incienso japones,Decoracion,193,7,118,2025-01-19,23,0.6354166666666666,0.7905405405405406,Alta,0.6113989637305699,0.03626943005181347,1
P0345,Cepillo facial,Belleza,290,12,106,2025-07-05,144,0.9722222222222222,0.7094594594594594,Alta,0.36551724137931035,0.041379310344827586,0
P0346,Cuaderno kawaii,Papeleria,270,7,132,2025-04-14,224,0.9027777777777778,0.8851351351351351,Alta,0.4888888888888889,0.025925925925925925,0
P0347,Escoba plegable,Hogar,19,25,128,2025-10-29,231,0.03125,0.8581081081081081,Alta,6.7368421052631575,1.3157894736842106,0
P0348,Organizador plastico,Hogar,121,17,137,2025-03-27,234,0.3854166666666666,0.918918918918919,Alta,1.1322314049586777,0.14049586776859505,0
P0349,Audifonos Bluetooth,Electronica,218,18,121,2025-01-20,75,0.7222222222222222,0.8108108108108109,Alta,0.555045871559633,0.08256880733944955,0
P0350,Sarten antiadherente,Cocina,79,60,101,2025-07-05,132,0.2395833333333333,0.6756756756756757,Alta,1.2784810126582278,0.759493670886076,0
P0351,Mochi,Comida Asiatica,33,30,37,2025-08-18,310,0.0798611111111111,0.2432432432432432,Baja,1.121212121212121,0.9090909090909091,0
P0352,Stickers decorativos,Papeleria,211,42,4,2025-07-07,57,0.6979166666666666,0.0202702702702702,Baja,0.018957345971563982,0.1990521327014218,0
P0353,Ramen coreano,Comida Asiatica,128,75,4,2025-08-09,14,0.4097222222222222,0.0202702702702702,Baja,0.03125,0.5859375,1
P0354,Taza termica,Cocina,238,62,55,2025-09-11,24,0.7916666666666666,0.3648648648648649,Media,0.23109243697478993,0.2605042016806723,1
P0355,Caja multiuso,Hogar,91,23,60,2025-11-01,319,0.28125,0.3986486486486487,Media,0.6593406593406593,0.25274725274725274,0
P0356,Vaporizador de bambu,Cocina,161,34,58,2025-04-27,356,0.5243055555555556,0.3851351351351351,Media,0.36024844720496896,0.2111801242236025,0
P0357,Taza termica,Cocina,182,59,113,2025-07-02,146,0.5972222222222222,0.7567567567567568,Alta,0.6208791208791209,0.3241758241758242,0
P0358,Ramen coreano,Comida Asiatica,260,51,57,2025-04-28,301,0.8680555555555555,0.3783783783783784,Media,0.21923076923076923,0.19615384615384615,0
P0359,Arena para gato,Mascotas,207,8,148,2025-08-28,47,0.6840277777777778,0.9932432432432432,Alta,0.714975845410628,0.03864734299516908,0
P0360,Cable Tipo C,Electronica,87,79,103,2025-05-17,90,0.2673611111111111,0.6891891891891891,Alta,1.1839080459770115,0.9080459770114943,0
P0361,Incienso japones,Decoracion,70,14,50,2025-09-16,107,0.2083333333333333,0.3310810810810811,Baja,0.7142857142857143,0.2,0
P0362,Shampoo canino,Mascotas,207,55,147,2025-02-04,302,0.6840277777777778,0.9864864864864864,Alta,0.7101449275362319,0.26570048309178745,0
P0363,Palillos chinos,Cocina,58,25,74,2025-07-11,261,0.1666666666666666,0.4932432432432432,Media,1.2758620689655173,0.43103448275862066,0
P0364,Fideos udon,Comida Asiatica,269,43,129,2025-10-07,313,0.8993055555555555,0.8648648648648649,Alta,0.4795539033457249,0.15985130111524162,0
P0365,Ramen coreano,Comida Asiatica,191,50,60,2025-12-30,188,0.6284722222222222,0.3986486486486487,Media,0.31413612565445026,0.2617801047120419,0
P0366,Pijama,Ropa,93,28,36,2025-08-01,364,0.2881944444444444,0.2364864864864865,Baja,0.3870967741935484,0.3010752688172043,0
P0367,Audifonos Bluetooth,Electronica,172,59,14,2025-04-30,336,0.5625,0.0878378378378378,Baja,0.08139534883720931,0.3430232558139535,0
P0368,Cable Tipo C,Electronica,115,74,44,2025-11-25,301,0.3645833333333333,0.2905405405405405,Baja,0.3826086956521739,0.6434782608695652,0
P0369,Salsa de soya,Comida Asiatica,93,61,21,2025-07-15,178,0.2881944444444444,0.1351351351351351,Baja,0.22580645161290322,0.6559139784946236,0
P0370,Plato para mascotas,Mascotas,16,74,127,2025-06-09,248,0.0208333333333333,0.8513513513513513,Alta,7.9375,4.625,0
P0371,Te verde japones,Comida Asiatica,163,18,57,2025-06-14,314,0.53125,0.3783783783783784,Media,0.3496932515337423,0.11042944785276074,0
P0372,Farol decorativo,Decoracion,78,7,87,2025-08-06,305,0.2361111111111111,0.581081081081081,Media,1.1153846153846154,0.08974358974358974,0
P0373,Sarten antiadherente,Cocina,170,54,117,2025-07-15,327,0.5555555555555556,0.7837837837837838,Alta,0.6882352941176471,0.3176470588235294,0
P0374,Cable Tipo C,Electronica,298,28,61,2025-03-02,354,1.0,0.4054054054054054,Media,0.20469798657718122,0.09395973154362416,0
P0375,Pijama,Ropa,95,53,17,2025-04-08,198,0.2951388888888889,0.1081081081081081,Baja,0.17894736842105263,0.5578947368421052,0
P0376,Organizador plastico,Hogar,14,6,22,2025-04-22,57,0.0138888888888888,0.1418918918918918,Baja,1.5714285714285714,0.42857142857142855,0
P0377,Caja multiuso,Hogar,107,20,112,2025-05-05,167,0.3368055555555555,0.75,Alta,1.0467289719626167,0.18691588785046728,0
P0378,Audifonos Bluetooth,Electronica,68,14,99,2025-07-11,243,0.2013888888888889,0.6621621621621622,Media,1.4558823529411764,0.20588235294117646,0
P0379,Shampoo canino,Mascotas,29,30,127,2025-03-09,214,0.0659722222222222,0.8513513513513513,Alta,4.379310344827586,1.0344827586206897,0
P0380,Cuaderno kawaii,Papeleria,88,18,125,2025-06-17,58,0.2708333333333333,0.8378378378378378,Alta,1.4204545454545454,0.20454545454545456,0
P0381,Correa retractil,Mascotas,257,7,44,2025-04-07,42,0.8576388888888888,0.2905405405405405,Baja,0.17120622568093385,0.027237354085603113,0
P0382,Salsa de soya,Comida Asiatica,271,43,23,2025-03-30,178,0.90625,0.1486486486486486,Baja,0.08487084870848709,0.15867158671586715,0
P0383,Palillos chinos,Cocina,276,16,74,2025-01-08,297,0.923611111111111,0.4932432432432432,Media,0.26811594202898553,0.057971014492753624,0
P0384,Te verde japones,Comida Asiatica,94,76,55,2025-02-16,238,0.2916666666666667,0.3648648648648649,Media,0.5851063829787234,0.8085106382978723,0
P0385,Lapicero gel,Papeleria,51,64,12,2025-09-20,336,0.1423611111111111,0.0743243243243243,Baja,0.23529411764705882,1.2549019607843137,0
P0386,Palillos chinos,Cocina,268,31,114,2025-12-29,40,0.8958333333333333,0.7635135135135135,Alta,0.4253731343283582,0.11567164179104478,0
P0387,Mini ventilador USB,Electronica,229,5,8,2025-04-11,176,0.7604166666666666,0.0472972972972973,Baja,0.034934497816593885,0.021834061135371178,0
P0388,Farol decorativo,Decoracion,255,23,32,2025-05-17,12,0.8506944444444444,0.2094594594594594,Baja,0.12549019607843137,0.09019607843137255,1
P0389,Mascarilla coreana,Belleza,72,25,13,2025-06-11,260,0.2152777777777778,0.081081081081081,Baja,0.18055555555555555,0.3472222222222222,0
P0390,Luz LED USB,Electronica,232,63,128,2025-10-10,325,0.7708333333333333,0.8581081081081081,Alta,0.5517241379310345,0.27155172413793105,0
P0391,Pijama,Ropa,205,29,148,2025-06-03,133,0.6770833333333333,0.9932432432432432,Alta,0.7219512195121951,0.14146341463414633,0
P0392,Palillos chinos,Cocina,274,54,134,2025-07-30,60,0.9166666666666666,0.8986486486486487,Alta,0.48905109489051096,0.19708029197080293,0
P0393,Pijama,Ropa,222,7,76,2025-10-13,277,0.736111111111111,0.5067567567567568,Media,0.34234234234234234,0.03153153153153153,0
P0394,Lapicero gel,Papeleria,199,37,34,2025-02-10,307,0.65625,0.2229729729729729,Baja,0.1708542713567839,0.18592964824120603,0
P0395,Caja multiuso,Hogar,84,61,23,2025-06-25,150,0.2569444444444444,0.1486486486486486,Baja,0.27380952380952384,0.7261904761904762,0
P0396,Shampoo canino,Mascotas,117,15,94,2025-09-28,347,0.3715277777777778,0.6283783783783784,Media,0.8034188034188035,0.1282051282051282,0
P0397,Palillos chinos,Cocina,221,20,66,2025-09-05,156,0.7326388888888888,0.4391891891891892,Media,0.2986425339366516,0.09049773755656108,0
P0398,Crema hidratante,Belleza,210,24,124,2025-01-01,247,0.6944444444444444,0.8310810810810811,Alta,0.5904761904761905,0.11428571428571428,0
P0399,Cepillo facial,Belleza,76,8,47,2025-10-21,143,0.2291666666666666,0.3108108108108108,Baja,0.618421052631579,0.10526315789473684,0
P0400,Figura Feng Shui,Decoracion,126,57,46,2025-05-22,39,0.4027777777777778,0.3040540540540541,Baja,0.36507936507936506,0.4523809523809524,0
P0401,Pijama,Ropa,261,10,91,2025-12-20,46,0.8715277777777778,0.6081081081081081,Media,0.3486590038314176,0.038314176245210725,0
P0402,Luz LED USB,Electronica,109,76,35,2025-05-27,30,0.34375,0.2297297297297297,Baja,0.3211009174311927,0.6972477064220184,0
P0403,Ramen coreano,Comida Asiatica,290,44,88,2025-09-27,154,0.9722222222222222,0.5878378378378378,Media,0.30344827586206896,0.15172413793103448,0
P0404,Cable Tipo C,Electronica,159,52,83,2025-04-20,275,0.517361111111111,0.5540540540540541,Media,0.5220125786163522,0.3270440251572327,0
P0405,Polo basico,Ropa,215,67,73,2025-09-08,124,0.7118055555555556,0.4864864864864865,Media,0.3395348837209302,0.3116279069767442,0
P0406,Mascarilla coreana,Belleza,284,51,142,2025-04-30,317,0.9513888888888888,0.9527027027027029,Alta,0.5,0.1795774647887324,0
P0407,Ramen coreano,Comida Asiatica,295,13,64,2025-06-10,308,0.9895833333333334,0.4256756756756757,Media,0.21694915254237288,0.04406779661016949,0
P0408,Medias termicas,Ropa,212,57,78,2025-08-10,41,0.7013888888888888,0.5202702702702703,Media,0.36792452830188677,0.2688679245283019,0
P0409,Salsa de soya,Comida Asiatica,77,12,2,2025-12-27,125,0.2326388888888889,0.0067567567567567,Baja,0.025974025974025976,0.15584415584415584,0
P0410,Mini ventilador USB,Electronica,129,59,16,2025-03-03,158,0.4131944444444444,0.1013513513513513,Baja,0.12403100775193798,0.4573643410852713,0
P0411,Sarten antiadherente,Cocina,73,54,149,2025-11-21,304,0.21875,1.0,Alta,2.041095890410959,0.7397260273972602,0
P0412,Te verde japones,Comida Asiatica,181,37,137,2025-11-20,35,0.59375,0.918918918918919,Alta,0.7569060773480663,0.20441988950276244,0
P0413,Correa retractil,Mascotas,225,69,8,2025-10-28,343,0.7465277777777778,0.0472972972972973,Baja,0.035555555555555556,0.30666666666666664,0
P0414,Lapicero gel,Papeleria,85,50,47,2025-01-15,361,0.2604166666666667,0.3108108108108108,Baja,0.5529411764705883,0.5882352941176471,0
P0415,Vaporizador de bambu,Cocina,102,26,21,2025-11-03,38,0.3194444444444444,0.1351351351351351,Baja,0.20588235294117646,0.2549019607843137,0
P0416,Ramen coreano,Comida Asiatica,166,55,132,2025-11-07,348,0.5416666666666666,0.8851351351351351,Alta,0.7951807228915663,0.3313253012048193,0
P0417,Mochi,Comida Asiatica,76,70,91,2025-12-27,257,0.2291666666666666,0.6081081081081081,Media,1.1973684210526316,0.9210526315789473,0
P0418,Stickers decorativos,Papeleria,271,29,145,2025-03-02,268,0.90625,0.972972972972973,Alta,0.5350553505535055,0.1070110701107011,0
P0419,Luz LED USB,Electronica,292,12,124,2025-12-28,93,0.9791666666666666,0.8310810810810811,Alta,0.4246575342465753,0.0410958904109589,0
P0420,Plato para mascotas,Mascotas,151,39,84,2025-11-08,177,0.4895833333333333,0.5608108108108107,Media,0.5562913907284768,0.2582781456953642,0
P0421,Mini ventilador USB,Electronica,199,12,43,2025-12-19,90,0.65625,0.2837837837837838,Baja,0.21608040201005024,0.06030150753768844,0
P0422,Mascarilla coreana,Belleza,254,53,62,2025-04-16,363,0.8472222222222222,0.4121621621621622,Media,0.2440944881889764,0.20866141732283464,0
P0423,Luz LED USB,Electronica,242,13,88,2025-02-06,305,0.8055555555555555,0.5878378378378378,Media,0.36363636363636365,0.05371900826446281,0
P0424,Polo basico,Ropa,286,55,59,2025-07-02,41,0.9583333333333331,0.3918918918918919,Media,0.2062937062937063,0.19230769230769232,0
P0425,Mascarilla coreana,Belleza,201,15,147,2025-11-29,127,0.6631944444444444,0.9864864864864864,Alta,0.7313432835820896,0.07462686567164178,0
P0426,Juguete para perro,Mascotas,28,76,109,2025-09-25,240,0.0624999999999999,0.7297297297297297,Alta,3.892857142857143,2.7142857142857144,0
P0427,Shampoo canino,Mascotas,99,73,8,2025-06-02,347,0.3090277777777778,0.0472972972972973,Baja,0.08080808080808081,0.7373737373737373,0
P0428,Crema hidratante,Belleza,224,53,84,2025-12-04,146,0.7430555555555555,0.5608108108108107,Media,0.375,0.23660714285714285,0
P0429,Repisa modular,Hogar,170,40,82,2025-05-27,239,0.5555555555555556,0.5472972972972973,Media,0.4823529411764706,0.23529411764705882,0
P0430,Cuaderno kawaii,Papeleria,234,19,41,2025-09-15,285,0.7777777777777778,0.2702702702702703,Baja,0.1752136752136752,0.0811965811965812,0
P0431,Medias termicas,Ropa,275,18,51,2025-04-28,201,0.9201388888888888,0.3378378378378379,Baja,0.18545454545454546,0.06545454545454546,0
P0432,Pijama,Ropa,37,7,84,2025-06-04,117,0.0937499999999999,0.5608108108108107,Media,2.27027027027027,0.1891891891891892,0
P0433,Organizador plastico,Hogar,175,7,144,2025-12-16,296,0.5729166666666666,0.9662162162162162,Alta,0.8228571428571428,0.04,0
P0434,Organizador plastico,Hogar,277,39,65,2025-11-07,301,0.9270833333333331,0.4324324324324324,Media,0.23465703971119134,0.1407942238267148,0
P0435,Incienso japones,Decoracion,71,53,127,2025-08-11,279,0.2118055555555555,0.8513513513513513,Alta,1.7887323943661972,0.7464788732394366,0
P0436,Cuaderno kawaii,Papeleria,293,25,107,2025-05-26,99,0.982638888888889,0.7162162162162162,Alta,0.3651877133105802,0.08532423208191127,0
P0437,Mascarilla coreana,Belleza,131,34,108,2025-12-20,288,0.4201388888888889,0.722972972972973,Alta,0.8244274809160306,0.2595419847328244,0
P0438,Sarten antiadherente,Cocina,165,48,79,2025-02-10,63,0.5381944444444444,0.527027027027027,Media,0.47878787878787876,0.2909090909090909,0
P0439,Cepillo facial,Belleza,57,36,57,2025-04-28,100,0.1631944444444444,0.3783783783783784,Media,1.0,0.631578947368421,0
P0440,Correa retractil,Mascotas,165,41,7,2025-07-15,56,0.5381944444444444,0.0405405405405405,Baja,0.04242424242424243,0.24848484848484848,0
P0441,Arena para gato,Mascotas,56,24,19,2025-06-06,202,0.1597222222222222,0.1216216216216216,Baja,0.3392857142857143,0.42857142857142855,0
P0442,Repisa modular,Hogar,135,15,49,2025-10-21,64,0.4340277777777778,0.3243243243243243,Baja,0.362962962962963,0.1111111111111111,0
P0443,Farol decorativo,Decoracion,185,60,65,2025-01-31,113,0.6076388888888888,0.4324324324324324,Media,0.35135135135135137,0.32432432432432434,0
P0444,Organizador plastico,Hogar,76,79,45,2025-09-17,154,0.2291666666666666,0.2972972972972973,Baja,0.5921052631578947,1.0394736842105263,0
P0445,Cable Tipo C,Electronica,243,55,50,2025-09-19,315,0.8090277777777778,0.3310810810810811,Baja,0.205761316872428,0.22633744855967078,0
P0446,Farol decorativo,Decoracion,131,41,124,2025-12-23,35,0.4201388888888889,0.8310810810810811,Alta,0.9465648854961832,0.31297709923664124,0
P0447,Crema hidratante,Belleza,205,22,113,2025-10-12,77,0.6770833333333333,0.7567567567567568,Alta,0.551219512195122,0.1073170731707317,0
P0448,Ramen coreano,Comida Asiatica,118,26,68,2025-03-10,165,0.375,0.4527027027027027,Media,0.576271186440678,0.22033898305084745,0
P0449,Polo basico,Ropa,171,57,123,2025-12-09,42,0.5590277777777778,0.8243243243243243,Alta,0.7192982456140351,0.3333333333333333,0
P0450,Repisa modular,Hogar,118,55,85,2025-01-21,300,0.375,0.5675675675675675,Media,0.7203389830508474,0.4661016949152542,0
P0451,Cepillo facial,Belleza,101,67,24,2025-05-05,111,0.3159722222222222,0.1554054054054054,Baja,0.2376237623762376,0.6633663366336634,0
P0452,Escoba plegable,Hogar,282,28,19,2025-06-14,341,0.9444444444444444,0.1216216216216216,Baja,0.0673758865248227,0.09929078014184398,0
P0453,Cuaderno kawaii,Papeleria,154,40,118,2025-05-27,64,0.5,0.7905405405405406,Alta,0.7662337662337663,0.2597402597402597,0
P0454,Farol decorativo,Decoracion,276,58,47,2025-05-20,246,0.923611111111111,0.3108108108108108,Baja,0.17028985507246377,0.21014492753623187,0
P0455,Farol decorativo,Decoracion,14,60,20,2025-02-15,12,0.0138888888888888,0.1283783783783784,Baja,1.4285714285714286,4.285714285714286,1
P0456,Mini ventilador USB,Electronica,156,30,48,2025-04-18,236,0.5069444444444444,0.3175675675675676,Baja,0.3076923076923077,0.19230769230769232,0
P0457,Fideos udon,Comida Asiatica,237,79,143,2025-07-22,192,0.7881944444444444,0.9594594594594594,Alta,0.6033755274261603,0.3333333333333333,0
P0458,Pijama,Ropa,251,55,82,2025-04-02,175,0.8368055555555555,0.5472972972972973,Media,0.32669322709163345,0.21912350597609562,0
P0459,Te verde japones,Comida Asiatica,172,52,73,2025-11-24,116,0.5625,0.4864864864864865,Media,0.42441860465116277,0.3023255813953488,0
P0460,Arena para gato,Mascotas,234,76,147,2025-03-04,294,0.7777777777777778,0.9864864864864864,Alta,0.6282051282051282,0.3247863247863248,0
P0461,Sarten antiadherente,Cocina,22,51,31,2025-07-27,114,0.0416666666666666,0.2027027027027027,Baja,1.4090909090909092,2.3181818181818183,0
P0462,Mini ventilador USB,Electronica,223,47,67,2025-02-23,298,0.7395833333333333,0.445945945945946,Media,0.3004484304932735,0.21076233183856502,0
P0463,Farol decorativo,Decoracion,178,28,35,2025-07-03,286,0.5833333333333333,0.2297297297297297,Baja,0.19662921348314608,0.15730337078651685,0
P0464,Medias termicas,Ropa,172,23,114,2025-09-21,282,0.5625,0.7635135135135135,Alta,0.6627906976744186,0.13372093023255813,0
P0465,Plato para mascotas,Mascotas,74,40,25,2025-02-06,1,0.2222222222222222,0.1621621621621621,Baja,0.33783783783783783,0.5405405405405406,1
P0466,Incienso japones,Decoracion,241,12,133,2025-07-07,128,0.8020833333333333,0.8918918918918919,Alta,0.5518672199170125,0.04979253112033195,0
P0467,Pijama,Ropa,266,40,35,2025-07-13,191,0.8888888888888888,0.2297297297297297,Baja,0.13157894736842105,0.15037593984962405,0
P0468,Stickers decorativos,Papeleria,274,38,128,2025-09-17,358,0.9166666666666666,0.8581081081081081,Alta,0.46715328467153283,0.1386861313868613,0
P0469,Taza termica,Cocina,268,18,34,2025-02-14,61,0.8958333333333333,0.2229729729729729,Baja,0.12686567164179105,0.06716417910447761,0
P0470,Sarten antiadherente,Cocina,25,70,145,2025-06-11,234,0.0520833333333333,0.972972972972973,Alta,5.8,2.8,0
P0471,Audifonos Bluetooth,Electronica,22,60,111,2025-10-17,295,0.0416666666666666,0.7432432432432432,Alta,5.045454545454546,2.727272727272727,0
P0472,Taza termica,Cocina,224,59,27,2025-04-28,221,0.7430555555555555,0.1756756756756757,Baja,0.12053571428571429,0.26339285714285715,0
P0473,Mascarilla coreana,Belleza,242,34,13,2025-01-21,53,0.8055555555555555,0.081081081081081,Baja,0.05371900826446281,0.14049586776859505,0
P0474,Palillos chinos,Cocina,290,35,81,2025-07-02,23,0.9722222222222222,0.5405405405405406,Media,0.2793103448275862,0.1206896551724138,1
P0475,Mochi,Comida Asiatica,157,36,114,2025-01-14,178,0.5104166666666666,0.7635135135135135,Alta,0.7261146496815286,0.22929936305732485,0
P0476,Te verde japones,Comida Asiatica,31,34,4,2025-07-24,59,0.0729166666666666,0.0202702702702702,Baja,0.12903225806451613,1.096774193548387,0
P0477,Crema hidratante,Belleza,21,35,34,2025-12-04,248,0.0381944444444444,0.2229729729729729,Baja,1.619047619047619,1.6666666666666667,0
P0478,Escoba plegable,Hogar,84,53,79,2025-08-29,349,0.2569444444444444,0.527027027027027,Media,0.9404761904761905,0.6309523809523809,0
P0479,Repisa modular,Hogar,223,42,87,2025-03-29,306,0.7395833333333333,0.581081081081081,Media,0.3901345291479821,0.18834080717488788,0
P0480,Cuaderno kawaii,Papeleria,166,32,139,2025-05-01,65,0.5416666666666666,0.9324324324324323,Alta,0.8373493975903614,0.1927710843373494,0
P0481,Palillos chinos,Cocina,171,48,100,2025-12-04,307,0.5590277777777778,0.6689189189189189,Media,0.5847953216374269,0.2807017543859649,0
P0482,Palillos chinos,Cocina,207,60,145,2025-07-05,218,0.6840277777777778,0.972972972972973,Alta,0.7004830917874396,0.2898550724637681,0
P0483,Juguete para perro,Mascotas,226,59,138,2025-06-24,23,0.75,0.9256756756756755,Alta,0.6106194690265486,0.2610619469026549,1
P0484,Incienso japones,Decoracion,244,17,101,2025-01-24,364,0.8125,0.6756756756756757,Alta,0.4139344262295082,0.06967213114754098,0
P0485,Juguete para perro,Mascotas,290,77,21,2025-12-06,211,0.9722222222222222,0.1351351351351351,Baja,0.07241379310344828,0.2655172413793103,0
P0486,Farol decorativo,Decoracion,110,52,103,2025-01-28,41,0.3472222222222222,0.6891891891891891,Alta,0.9363636363636364,0.4727272727272727,0
P0487,Sarten antiadherente,Cocina,155,75,13,2025-07-29,229,0.5034722222222222,0.081081081081081,Baja,0.08387096774193549,0.4838709677419355,0
P0488,Fideos udon,Comida Asiatica,25,13,73,2025-06-15,310,0.0520833333333333,0.4864864864864865,Media,2.92,0.52,0
P0489,Lapicero gel,Papeleria,109,49,137,2025-08-04,264,0.34375,0.918918918918919,Alta,1.2568807339449541,0.44954128440366975,0
P0490,Crema hidratante,Belleza,12,32,70,2025-05-29,28,0.0069444444444444,0.4662162162162163,Media,5.833333333333333,2.6666666666666665,1
P0491,Lapicero gel,Papeleria,74,25,13,2025-11-09,49,0.2222222222222222,0.081081081081081,Baja,0.17567567567567569,0.33783783783783783,0
P0492,Luz LED USB,Electronica,147,57,44,2025-10-30,53,0.4756944444444444,0.2905405405405405,Baja,0.29931972789115646,0.3877551020408163,0
P0493,Farol decorativo,Decoracion,289,6,81,2025-12-22,138,0.96875,0.5405405405405406,Media,0.28027681660899656,0.020761245674740483,0
P0494,Palillos chinos,Cocina,120,21,12,2025-07-01,24,0.3819444444444444,0.0743243243243243,Baja,0.1,0.175,1
P0495,Medias termicas,Ropa,197,69,84,2025-04-29,156,0.6493055555555556,0.5608108108108107,Media,0.4263959390862944,0.350253807106599,0
P0496,Juguete para perro,Mascotas,195,31,134,2025-08-12,153,0.642361111111111,0.8986486486486487,Alta,0.6871794871794872,0.15897435897435896,0
P0497,Correa retractil,Mascotas,16,61,126,2025-01-12,16,0.0208333333333333,0.8445945945945946,Alta,7.875,3.8125,1
P0498,Incienso japones,Decoracion,144,55,75,2025-09-21,225,0.4652777777777778,0.5,Media,0.5208333333333334,0.3819444444444444,0
P0499,Mascarilla coreana,Belleza,54,63,132,2025-04-14,195,0.1527777777777778,0.8851351351351351,Alta,2.4444444444444446,1.1666666666666667,0
P0500,Polo basico,Ropa,107,32,79,2025-05-04,218,0.3368055555555555,0.527027027027027,Media,0.7383177570093458,0.29906542056074764,0
