codigo_producto,nombre_producto,categoria,stock_actual,stock_minimo,cantidad_vendida,fecha_venta,dias_para_vencer
P0001,Mascarilla coreana,Belleza,280,76,21,2025-04-13,122
P0002,Sarten antiadherente,Cocina,97,28,131,2025-05-30,309
P0003,Repisa modular,Hogar,201,64,21,2025-06-10,314
P0004,Mini ventilador USB,Electronica,245,53,59,2025-06-19,188
P0005,Taza termica,Cocina,64,68,131,2025-11-03,135
P0006,Incienso japones,Decoracion,176,22,132,2025-03-30,316
P0007,Caja multiuso,Hogar,274,57,130,2025-12-06,92
P0008,Mascarilla coreana,Belleza,273,51,35,2025-07-25,81
P0009,Fideos udon,Comida Asiatica,11,10,54,2025-04-16,260
P0010,Mini ventilador USB,Electronica,200,22,44,2025-06-11,202
P0011,Mochi,Comida Asiatica,199,44,82,2025-02-22,280
P0012,Polo basico,Ropa,50,33,15,2025-10-28,65
P0013,Pijama,Ropa,18,5,136,2025-03-04,139
P0014,Palillos chinos,Cocina,172,39,33,2025-09-18,231
P0015,Pijama,Ropa,210,76,12,2025-02-02,48
P0016,Cepillo facial,Belleza,71,41,99,2025-06-21,360
P0017,Cable Tipo C,Electronica,44,69,101,2025-05-11,257
P0018,Farol decorativo,Decoracion,264,18,103,2025-10-10,207
P0019,Sarten antiadherente,Cocina,240,56,96,2025-08-10,231
P0020,Te verde japones,Comida Asiatica,169,75,86,2025-10-11,66
P0021,Polo basico,Ropa,143,32,28,2025-04-18,44
P0022,Salsa de soya,Comida Asiatica,137,66,129,2025-10-10,121
P0023,Te verde japones,Comida Asiatica,242,7,103,2025-07-17,137
P0024,Incienso japones,Decoracion,243,48,59,2025-06-09,96
P0025,Cuaderno kawaii,Papeleria,189,66,52,2025-09-25,295
P0026,Escoba plegable,Hogar,122,60,81,2025-07-06,113
P0027,Caja multiuso,Hogar,229,58,87,2025-08-12,225
P0028,Plato para mascotas,Mascotas,135,6,53,2025-06-21,218
P0029,Audifonos Bluetooth,Electronica,256,72,123,2025-09-12,294
P0030,Cuaderno kawaii,Papeleria,107,74,139,2025-08-28,144
P0031,Arena para gato,Mascotas,133,63,70,2025-12-15,259
P0032,Mochi,Comida Asiatica,156,24,96,2025-07-18,308
P0033,Polo basico,Ropa,137,43,82,2025-12-26,129
P0034,Polo basico,Ropa,160,35,42,2025-04-09,263
P0035,Polo basico,Ropa,11,5,48,2025-09-11,140
P0036,Incienso japones,Decoracion,169,13,99,2025-05-27,304
P0037,Taza termica,Cocina,161,58,120,2025-06-10,116
P0038,Juguete para perro,Mascotas,113,29,93,2025-12-04,194
P0039,Cable Tipo C,Electronica,217,65,68,2025-10-16,277
P0040,Salsa de soya,Comida Asiatica,137,37,115,2025-01-22,238
P0041,Luz LED USB,Electronica,60,58,8,2025-10-10,27
P0042,Organizador plastico,Hogar,295,32,111,2025-11-13,304
P0043,Taza termica,Cocina,44,68,49,2025-01-17,172
P0044,Farol decorativo,Decoracion,108,41,24,2025-12-15,302
P0045,Figura Feng Shui,Decoracion,108,64,116,2025-07-10,253
P0046,Figura Feng Shui,Decoracion,170,71,128,2025-01-18,281
P0047,Luz LED USB,Electronica,183,28,114,2025-10-15,342
P0048,Crema hidratante,Belleza,136,31,130,2025-09-30,104
P0049,Arena para gato,Mascotas,255,52,39,2025-06-19,247
P0050,Vaporizador de bambu,Cocina,22,64,135,2025-11-09,36
P0051,Ramen coreano,Comida Asiatica,273,20,142,2025-05-23,92
P0052,Caja multiuso,Hogar,297,67,86,2025-02-20,153
P0053,Luz LED USB,Electronica,67,53,70,2025-09-28,54
P0054,Incienso japones,Decoracion,273,57,60,2025-04-18,5
P0055,Crema hidratante,Belleza,56,59,52,2025-05-24,269
P0056,Repisa modular,Hogar,115,34,147,2025-05-25,120
P0057,Taza termica,Cocina,67,59,90,2025-08-17,117
P0058,Cepillo facial,Belleza,138,62,122,2025-01-01,239
P0059,Repisa modular,Hogar,135,52,89,2025-08-25,272
P0060,Cepillo facial,Belleza,78,26,93,2025-09-04,76
P0061,Palillos chinos,Cocina,95,61,29,2025-08-08,69
P0062,Juguete para perro,Mascotas,213,20,85,2025-02-08,100
P0063,Shampoo canino,Mascotas,32,14,69,2025-04-10,290
P0064,Fideos udon,Comida Asiatica,259,23,96,2025-09-14,325
P0065,Fideos udon,Comida Asiatica,169,28,140,2025-06-27,163
P0066,Arena para gato,Mascotas,188,47,101,2025-09-25,323
P0067,Arena para gato,Mascotas,177,78,43,2025-02-13,285
P0068,Organizador plastico,Hogar,251,39,81,2025-03-31,264
P0069,Escoba plegable,Hogar,114,11,58,2025-04-24,75
P0070,Cuaderno kawaii,Papeleria,286,40,138,2025-12-23,192
P0071,Palillos chinos,Cocina,108,40,96,2025-06-01,151
P0072,Incienso japones,Decoracion,192,17,23,2025-08-05,355
P0073,Medias termicas,Ropa,282,66,84,2025-08-05,342
P0074,Palillos chinos,Cocina,109,16,147,2025-03-17,265
P0075,Crema hidratante,Belleza,232,56,83,2025-05-24,69
P0076,Taza termica,Cocina,34,56,123,2025-02-22,151
P0077,Pijama,Ropa,118,57,42,2025-07-05,223
P0078,Figura Feng Shui,Decoracion,224,79,146,2025-08-27,76
P0079,Medias termicas,Ropa,262,11,141,2025-06-17,170
P0080,Medias termicas,Ropa,292,70,5,2025-01-29,165
P0081,Cable Tipo C,Electronica,145,69,86,2025-05-25,327
P0082,Polo basico,Ropa,141,40,70,2025-09-09,275
P0083,Cable Tipo C,Electronica,100,78,90,2025-01-19,39
P0084,Palillos chinos,Cocina,150,62,148,2025-11-13,361
P0085,Mascarilla coreana,Belleza,199,67,113,2025-11-08,117
P0086,Luz LED USB,Electronica,53,49,61,2025-10-30,149
P0087,Mini ventilador USB,Electronica,212,40,147,2025-01-20,47
P0088,Polo basico,Ropa,23,19,1,2025-02-23,259
P0089,Mascarilla coreana,Belleza,21,78,16,2025-12-24,156
P0090,Farol decorativo,Decoracion,173,12,60,2025-06-27,28
P0091,Incienso japones,Decoracion,237,68,145,2025-07-20,212
P0092,Palillos chinos,Cocina,91,73,47,2025-01-10,312
P0093,Escoba plegable,Hogar,14,37,118,2025-03-06,146
P0094,Plato para mascotas,Mascotas,291,67,86,2025-11-11,283
P0095,Shampoo canino,Mascotas,107,5,149,2025-11-07,6
P0096,Shampoo canino,Mascotas,142,7,23,2025-02-22,165
P0097,Palillos chinos,Cocina,94,77,110,2025-01-01,51
P0098,Ramen coreano,Comida Asiatica,297,38,92,2025-04-05,72
P0099,Crema hidratante,Belleza,259,38,118,2025-09-16,306
P0100,Juguete para perro,Mascotas,231,61,145,2025-04-22,255
P0101,Cepillo facial,Belleza,238,18,66,2025-03-16,103
P0102,Audifonos Bluetooth,Electronica,261,42,50,2025-04-08,338
P0103,Sarten antiadherente,Cocina,258,42,79,2025-01-30,247
P0104,Palillos chinos,Cocina,142,33,132,2025-05-18,184
P0105,Correa retractil,Mascotas,282,73,34,2025-09-19,53
P0106,Organizador plastico,Hogar,135,47,115,2025-04-21,249
P0107,Cepillo facial,Belleza,104,79,118,2025-01-08,360
P0108,Ramen coreano,Comida Asiatica,204,71,93,2025-06-09,61
P0109,Sarten antiadherente,Cocina,286,9,92,2025-06-19,317
P0110,Mini ventilador USB,Electronica,10,9,12,2025-12-12,46
P0111,Organizador plastico,Hogar,87,49,73,2025-10-09,249
P0112,Medias termicas,Ropa,248,60,94,2025-04-17,319
P0113,Correa retractil,Mascotas,266,12,113,2025-12-21,253
P0114,Fideos udon,Comida Asiatica,37,6,109,2025-06-03,14
P0115,Stickers decorativos,Papeleria,16,7,111,2025-08-26,363
P0116,Caja multiuso,Hogar,236,19,119,2025-01-28,202
P0117,Mascarilla coreana,Belleza,282,48,25,2025-05-25,13
P0118,Ramen coreano,Comida Asiatica,77,14,67,2025-08-21,109
P0119,Escoba plegable,Hogar,237,38,111,2025-09-21,236
P0120,Vaporizador de bambu,Cocina,110,10,26,2025-11-16,226
P0121,Stickers decorativos,Papeleria,238,37,21,2025-07-17,70
P0122,Crema hidratante,Belleza,104,28,55,2025-05-17,247
P0123,Sarten antiadherente,Cocina,40,44,36,2025-08-11,6
P0124,Repisa modular,Hogar,229,79,4,2025-12-01,134
P0125,Mini ventilador USB,Electronica,103,55,62,2025-07-13,335
P0126,Lapicero gel,Papeleria,182,48,133,2025-11-22,118
P0127,Salsa de soya,Comida Asiatica,221,24,113,2025-05-20,47
P0128,Correa retractil,Mascotas,151,68,38,2025-10-20,139
P0129,Te verde japones,Comida Asiatica,268,37,134,2025-06-27,10
P0130,Figura Feng Shui,Decoracion,147,48,130,2025-01-13,168
P0131,Repisa modular,Hogar,110,77,17,2025-09-22,38
P0132,Cepillo facial,Belleza,103,53,69,2025-11-14,236
P0133,Caja multiuso,Hogar,146,38,76,2025-02-04,1
P0134,Lapicero gel,Papeleria,69,68,93,2025-11-24,267
P0135,Polo basico,Ropa,279,64,30,2025-10-18,213
P0136,Incienso japones,Decoracion,87,30,62,2025-05-12,89
P0137,Medias termicas,Ropa,113,18,32,2025-06-28,125
P0138,Mini ventilador USB,Electronica,32,67,143,2025-06-02,145
P0139,Correa retractil,Mascotas,113,55,39,2025-07-17,134
P0140,Sarten antiadherente,Cocina,188,76,42,2025-01-15,111
P0141,Juguete para perro,Mascotas,240,31,38,2025-04-07,289
P0142,Fideos udon,Comida Asiatica,19,9,123,2025-11-26,353
P0143,Luz LED USB,Electronica,168,51,109,2025-08-04,184
P0144,Cuaderno kawaii,Papeleria,166,51,68,2025-11-28,173
P0145,Escoba plegable,Hogar,104,40,36,2025-10-09,299
P0146,Figura Feng Shui,Decoracion,263,78,104,2025-02-07,134
P0147,Stickers decorativos,Papeleria,227,17,104,2025-07-29,111
P0148,Stickers decorativos,Papeleria,142,41,72,2025-05-07,106
P0149,Juguete para perro,Mascotas,296,13,51,2025-01-29,296
P0150,Medias termicas,Ropa,276,27,1,2025-10-29,101
P0151,Farol decorativo,Decoracion,119,40,57,2025-01-01,319
P0152,Cable Tipo C,Electronica,158,51,53,2025-05-17,202
P0153,Ramen coreano,Comida Asiatica,126,30,35,2025-03-04,244
P0154,Medias termicas,Ropa,84,42,130,2025-07-29,347
P0155,Plato para mascotas,Mascotas,260,55,25,2025-06-29,198
P0156,Incienso japones,Decoracion,186,33,63,2025-05-30,154
P0157,Organizador plastico,Hogar,58,75,81,2025-03-25,361
P0158,Juguete para perro,Mascotas,127,67,104,2025-02-18,327
P0159,Shampoo canino,Mascotas,224,55,123,2025-07-30,318
P0160,Shampoo canino,Mascotas,295,20,19,2025-01-18,257
P0161,Sarten antiadherente,Cocina,203,42,63,2025-05-12,264
P0162,Cepillo facial,Belleza,140,36,10,2025-06-11,87
P0163,Crema hidratante,Belleza,17,69,57,2025-09-04,323
P0164,Stickers decorativos,Papeleria,264,76,54,2025-09-06,239
P0165,Figura Feng Shui,Decoracion,60,12,35,2025-04-06,88
P0166,Lapicero gel,Papeleria,174,58,142,2025-08-11,311
P0167,Escoba plegable,Hogar,272,37,85,2025-05-27,112
P0168,Taza termica,Cocina,294,64,82,2025-01-02,303
P0169,Figura Feng Shui,Decoracion,243,6,119,2025-01-20,261
P0170,Farol decorativo,Decoracion,265,13,53,2025-12-21,342
P0171,Cuaderno kawaii,Papeleria,211,34,120,2025-02-28,215
P0172,Correa retractil,Mascotas,124,18,9,2025-02-09,237
P0173,Pijama,Ropa,210,26,4,2025-06-03,29
P0174,Escoba plegable,Hogar,84,74,146,2025-05-08,341
P0175,Ramen coreano,Comida Asiatica,43,21,122,2025-03-17,87
P0176,Farol decorativo,Decoracion,36,61,31,2025-05-14,219
P0177,Lapicero gel,Papeleria,277,57,138,2025-06-22,190
P0178,Repisa modular,Hogar,202,55,36,2025-10-09,29
P0179,Figura Feng Shui,Decoracion,20,40,113,2025-07-06,295
P0180,Stickers decorativos,Papeleria,107,59,111,2025-06-01,246
P0181,Mini ventilador USB,Electronica,298,40,148,2025-08-15,244
P0182,Plato para mascotas,Mascotas,210,30,73,2025-07-20,296
P0183,Arena para gato,Mascotas,226,65,104,2025-02-11,25
P0184,Cepillo facial,Belleza,140,48,102,2025-12-20,12
P0185,Palillos chinos,Cocina,53,63,49,2025-01-17,330
P0186,Pijama,Ropa,21,66,80,2025-08-04,339
P0187,Stickers decorativos,Papeleria,158,74,25,2025-03-30,268
P0188,Polo basico,Ropa,35,51,32,2025-09-23,16
P0189,Mascarilla coreana,Belleza,291,11,14,2025-12-01,117
P0190,Mascarilla coreana,Belleza,185,76,59,2025-08-03,82
P0191,Salsa de soya,Comida Asiatica,112,21,14,2025-06-08,152
P0192,Taza termica,Cocina,197,49,98,2025-05-11,293
P0193,Lapicero gel,Papeleria,192,43,15,2025-01-04,349
P0194,Mini ventilador USB,Electronica,219,37,16,2025-04-18,311
P0195,Vaporizador de bambu,Cocina,43,34,13,2025-05-21,274
P0196,Sarten antiadherente,Cocina,48,50,29,2025-11-14,245
P0197,Pijama,Ropa,275,34,103,2025-12-06,65
P0198,Plato para mascotas,Mascotas,151,34,68,2025-05-26,293
P0199,Polo basico,Ropa,82,19,49,2025-12-10,140
P0200,Incienso japones,Decoracion,207,43,63,2025-10-29,344
P0201,Organizador plastico,Hogar,208,56,4,2025-02-28,72
P0202,Te verde japones,Comida Asiatica,72,58,117,2025-08-31,330
P0203,Organizador plastico,Hogar,227,45,3,2025-09-19,5
P0204,Farol decorativo,Decoracion,56,53,9,2025-04-09,20
P0205,Shampoo canino,Mascotas,187,66,145,2025-08-04,3
P0206,Vaporizador de bambu,Cocina,278,77,68,2025-12-23,98
P0207,Pijama,Ropa,132,33,137,2025-07-14,226
P0208,Pijama,Ropa,49,29,5,2025-08-14,124
P0209,Audifonos Bluetooth,Electronica,260,9,90,2025-02-06,316
P0210,Incienso japones,Decoracion,90,44,45,2025-08-12,318
P0211,Vaporizador de bambu,Cocina,65,44,98,2025-02-09,347
P0212,Plato para mascotas,Mascotas,177,63,59,2025-10-31,169
P0213,Polo basico,Ropa,179,67,7,2025-05-13,235
P0214,Pijama,Ropa,40,27,138,2025-06-09,363
P0215,Farol decorativo,Decoracion,48,35,82,2025-12-22,258
P0216,Crema hidratante,Belleza,233,17,46,2025-06-04,113
P0217,Polo basico,Ropa,232,64,88,2025-12-31,163
P0218,Cable Tipo C,Electronica,83,67,60,2025-12-01,222
P0219,Incienso japones,Decoracion,287,72,148,2025-12-18,242
P0220,Salsa de soya,Comida Asiatica,201,21,12,2025-07-12,22
P0221,Stickers decorativos,Papeleria,219,54,14,2025-07-11,175
P0222,Salsa de soya,Comida Asiatica,236,56,125,2025-01-07,29
P0223,Plato para mascotas,Mascotas,67,30,29,2025-01-04,99
P0224,Pijama,Ropa,280,33,75,2025-10-15,130
P0225,Salsa de soya,Comida Asiatica,36,71,81,2025-08-24,92
P0226,Figura Feng Shui,Decoracion,93,10,147,2025-09-14,58
P0227,Cable Tipo C,Electronica,171,65,64,2025-10-08,280
P0228,Escoba plegable,Hogar,217,31,72,2025-03-01,145
P0229,Figura Feng Shui,Decoracion,36,50,50,2025-07-18,349
P0230,Farol decorativo,Decoracion,55,19,17,2025-08-24,340
P0231,Ramen coreano,Comida Asiatica,175,52,63,2025-08-02,117
P0232,Repisa modular,Hogar,81,15,64,2025-07-24,209
P0233,Cuaderno kawaii,Papeleria,283,68,82,2025-04-05,166
P0234,Polo basico,Ropa,111,45,136,2025-09-24,214
P0235,Taza termica,Cocina,50,21,76,2025-02-15,160
P0236,Luz LED USB,Electronica,101,24,97,2025-01-02,225
P0237,Arena para gato,Mascotas,86,30,103,2025-07-13,166
P0238,Crema hidratante,Belleza,183,19,106,2025-11-01,360
P0239,Sarten antiadherente,Cocina,18,10,73,2025-12-25,223
P0240,Medias termicas,Ropa,213,12,72,2025-06-27,348
P0241,Salsa de soya,Comida Asiatica,16,79,84,2025-07-27,314
P0242,Luz LED USB,Electronica,12,45,106,2025-01-14,12
P0243,Mascarilla coreana,Belleza,34,49,122,2025-05-27,55
P0244,Te verde japones,Comida Asiatica,230,57,32,2025-11-03,300
P0245,Caja multiuso,Hogar,220,26,37,2025-12-18,312
P0246,Pijama,Ropa,140,32,35,2025-04-03,207
P0247,Juguete para perro,Mascotas,222,35,24,2025-10-20,4
P0248,Mochi,Comida Asiatica,161,54,96,2025-04-15,250
P0249,Farol decorativo,Decoracion,237,70,79,2025-09-19,295
P0250,Sarten antiadherente,Cocina,195,16,131,2025-08-25,18
P0251,Cuaderno kawaii,Papeleria,234,30,8,2025-04-10,240
P0252,Crema hidratante,Belleza,23,6,119,2025-10-20,325
P0253,Mini ventilador USB,Electronica,50,66,60,2025-04-21,14
P0254,Stickers decorativos,Papeleria,93,6,70,2025-05-25,345
P0255,Medias termicas,Ropa,172,9,45,2025-10-30,287
P0256,Vaporizador de bambu,Cocina,279,78,93,2025-09-23,332
P0257,Polo basico,Ropa,142,24,8,2025-06-20,1
P0258,Medias termicas,Ropa,293,41,49,2025-04-30,44
P0259,Stickers decorativos,Papeleria,216,10,108,2025-09-08,334
P0260,Organizador plastico,Hogar,29,30,29,2025-01-01,119
P0261,Vaporizador de bambu,Cocina,254,63,69,2025-06-10,179
P0262,Te verde japones,Comida Asiatica,251,47,126,2025-08-05,306
P0263,Pijama,Ropa,232,60,38,2025-12-06,151
P0264,Fideos udon,Comida Asiatica,243,12,85,2025-05-09,264
P0265,Mini ventilador USB,Electronica,95,51,34,2025-07-12,311
P0266,Crema hidratante,Belleza,123,21,26,2025-05-16,303
P0267,Cuaderno kawaii,Papeleria,85,76,89,2025-10-29,289
P0268,Plato para mascotas,Mascotas,296,18,53,2025-10-31,69
P0269,Medias termicas,Ropa,229,70,63,2025-03-14,161
P0270,Polo basico,Ropa,185,17,73,2025-09-02,77
P0271,Pijama,Ropa,107,8,102,2025-01-19,82
P0272,Pijama,Ropa,138,58,89,2025-08-01,143
P0273,Juguete para perro,Mascotas,208,19,149,2025-11-12,93
P0274,Polo basico,Ropa,233,39,102,2025-09-24,355
P0275,Lapicero gel,Papeleria,274,7,85,2025-10-09,328
P0276,Caja multiuso,Hogar,126,30,12,2025-05-13,304
P0277,Figura Feng Shui,Decoracion,237,19,43,2025-12-09,326
P0278,Repisa modular,Hogar,30,27,107,2025-12-02,303
P0279,Figura Feng Shui,Decoracion,290,40,51,2025-09-28,324
P0280,Incienso japones,Decoracion,284,38,78,2025-02-21,27
P0281,Taza termica,Cocina,153,40,146,2025-01-02,77
P0282,Fideos udon,Comida Asiatica,272,78,39,2025-06-08,71
P0283,Cuaderno kawaii,Papeleria,45,72,118,2025-09-20,310
P0284,Juguete para perro,Mascotas,182,51,123,2025-05-21,118
P0285,Farol decorativo,Decoracion,229,13,26,2025-01-09,271
P0286,Lapicero gel,Papeleria,130,46,72,2025-06-01,208
P0287,Correa retractil,Mascotas,77,54,19,2025-04-10,60
P0288,Crema hidratante,Belleza,155,23,69,2025-06-24,49
P0289,Taza termica,Cocina,235,37,119,2025-05-29,150
P0290,Figura Feng Shui,Decoracion,169,15,138,2025-03-19,77
P0291,Medias termicas,Ropa,267,68,35,2025-09-20,85
P0292,Escoba plegable,Hogar,51,43,24,2025-07-07,302
P0293,Taza termica,Cocina,227,46,32,2025-06-16,109
P0294,Te verde japones,Comida Asiatica,173,7,73,2025-05-16,353
P0295,Mini ventilador USB,Electronica,205,17,49,2025-11-12,130
P0296,Figura Feng Shui,Decoracion,169,25,8,2025-08-18,200
P0297,Escoba plegable,Hogar,67,7,86,2025-11-22,130
P0298,Crema hidratante,Belleza,111,39,98,2025-10-13,116
P0299,Lapicero gel,Papeleria,45,73,77,2025-10-14,303
P0300,Pijama,Ropa,217,66,121,2025-02-24,12
P0301,Juguete para perro,Mascotas,145,7,144,2025-01-30,237
P0302,Cepillo facial,Belleza,113,9,104,2025-09-05,364
P0303,Arena para gato,Mascotas,295,25,84,2025-08-19,288
P0304,Shampoo canino,Mascotas,281,42,142,2025-10-19,151
P0305,Organizador plastico,Hogar,75,6,75,2025-11-19,180
P0306,Crema hidratante,Belleza,205,59,6,2025-05-23,342
P0307,Farol decorativo,Decoracion,21,53,42,2025-06-15,82
P0308,Vaporizador de bambu,Cocina,225,34,134,2025-03-08,336
P0309,Crema hidratante,Belleza,82,19,149,2025-06-12,66
P0310,Escoba plegable,Hogar,215,24,10,2025-01-25,281
P0311,Mini ventilador USB,Electronica,173,18,65,2025-04-20,336
P0312,Luz LED USB,Electronica,34,17,117,2025-01-25,79
P0313,Te verde japones,Comida Asiatica,21,36,128,2025-04-06,92
P0314,Fideos udon,Comida Asiatica,169,47,130,2025-03-01,151
P0315,Sarten antiadherente,Cocina,14,38,10,2025-12-11,130
P0316,Organizador plastico,Hogar,65,77,83,2025-04-09,149
P0317,Medias termicas,Ropa,272,20,97,2025-09-17,260
P0318,Mascarilla coreana,Belleza,110,56,52,2025-05-04,231
P0319,Escoba plegable,Hogar,125,67,62,2025-09-13,7
P0320,Luz LED USB,Electronica,238,9,130,2025-03-03,219
P0321,Farol decorativo,Decoracion,239,25,138,2025-11-10,65
P0322,Farol decorativo,Decoracion,251,57,82,2025-06-22,160
P0323,Ramen coreano,Comida Asiatica,197,15,149,2025-11-04,256
P0324,Mascarilla coreana,Belleza,291,72,34,2025-02-21,112
P0325,Repisa modular,Hogar,236,56,42,2025-01-21,42
P0326,Arena para gato,Mascotas,201,21,120,2025-05-09,130
P0327,Correa retractil,Mascotas,251,62,21,2025-10-11,203
P0328,Crema hidratante,Belleza,273,63,79,2025-12-09,344
P0329,Palillos chinos,Cocina,96,12,77,2025-07-19,87
P0330,Shampoo canino,Mascotas,161,21,133,2025-05-28,277
P0331,Lapicero gel,Papeleria,237,15,143,2025-07-30,28
P0332,Sarten antiadherente,Cocina,270,9,94,2025-12-18,8
P0333,Cable Tipo C,Electronica,229,12,104,2025-11-25,49
P0334,Mochi,Comida Asiatica,87,45,122,2025-04-29,190
P0335,Caja multiuso,Hogar,158,40,140,2025-12-13,258
P0336,Mini ventilador USB,Electronica,190,36,95,2025-10-15,288
P0337,Escoba plegable,Hogar,19,19,17,2025-07-02,153
P0338,Stickers decorativos,Papeleria,133,26,32,2025-06-23,113
P0339,Cuaderno kawaii,Papeleria,131,36,119,2025-02-08,268
P0340,Pijama,Ropa,27,25,141,2025-05-29,126
P0341,Lapicero gel,Papeleria,247,11,86,2025-05-30,235
P0342,Medias termicas,Ropa,294,17,2,2025-01-29,213
P0343,Salsa de soya,Comida Asiatica,59,27,88,2025-02-13,278
P0344,Incienso japones,Decoracion,193,7,118,2025-01-19,23
P0345,Cepillo facial,Belleza,290,12,106,2025-07-05,144
P0346,Cuaderno kawaii,Papeleria,270,7,132,2025-04-14,224
P0347,Escoba plegable,Hogar,19,25,128,2025-10-29,231
P0348,Organizador plastico,Hogar,121,17,137,2025-03-27,234
P0349,Audifonos Bluetooth,Electronica,218,18,121,2025-01-20,75
P0350,Sarten antiadherente,Cocina,79,60,101,2025-07-05,132
P0351,Mochi,Comida Asiatica,33,30,37,2025-08-18,310
P0352,Stickers decorativos,Papeleria,211,42,4,2025-07-07,57
P0353,Ramen coreano,Comida Asiatica,128,75,4,2025-08-09,14
P0354,Taza termica,Cocina,238,62,55,2025-09-11,24
P0355,Caja multiuso,Hogar,91,23,60,2025-11-01,319
P0356,Vaporizador de bambu,Cocina,161,34,58,2025-04-27,356
P0357,Taza termica,Cocina,182,59,113,2025-07-02,146
P0358,Ramen coreano,Comida Asiatica,260,51,57,2025-04-28,301
P0359,Arena para gato,Mascotas,207,8,148,2025-08-28,47
P0360,Cable Tipo C,Electronica,87,79,103,2025-05-17,90
P0361,Incienso japones,Decoracion,70,14,50,2025-09-16,107
P0362,Shampoo canino,Mascotas,207,55,147,2025-02-04,302
P0363,Palillos chinos,Cocina,58,25,74,2025-07-11,261
P0364,Fideos udon,Comida Asiatica,269,43,129,2025-10-07,313
P0365,Ramen coreano,Comida Asiatica,191,50,60,2025-12-30,188
P0366,Pijama,Ropa,93,28,36,2025-08-01,364
P0367,Audifonos Bluetooth,Electronica,172,59,14,2025-04-30,336
P0368,Cable Tipo C,Electronica,115,74,44,2025-11-25,301
P0369,Salsa de soya,Comida Asiatica,93,61,21,2025-07-15,178
P0370,Plato para mascotas,Mascotas,16,74,127,2025-06-09,248
P0371,Te verde japones,Comida Asiatica,163,18,57,2025-06-14,314
P0372,Farol decorativo,Decoracion,78,7,87,2025-08-06,305
P0373,Sarten antiadherente,Cocina,170,54,117,2025-07-15,327
P0374,Cable Tipo C,Electronica,298,28,61,2025-03-02,354
P0375,Pijama,Ropa,95,53,17,2025-04-08,198
P0376,Organizador plastico,Hogar,14,6,22,2025-04-22,57
P0377,Caja multiuso,Hogar,107,20,112,2025-05-05,167
P0378,Audifonos Bluetooth,Electronica,68,14,99,2025-07-11,243
P0379,Shampoo canino,Mascotas,29,30,127,2025-03-09,214
P0380,Cuaderno kawaii,Papeleria,88,18,125,2025-06-17,58
P0381,Correa retractil,Mascotas,257,7,44,2025-04-07,42
P0382,Salsa de soya,Comida Asiatica,271,43,23,2025-03-30,178
P0383,Palillos chinos,Cocina,276,16,74,2025-01-08,297
P0384,Te verde japones,Comida Asiatica,94,76,55,2025-02-16,238
P0385,Lapicero gel,Papeleria,51,64,12,2025-09-20,336
P0386,Palillos chinos,Cocina,268,31,114,2025-12-29,40
P0387,Mini ventilador USB,Electronica,229,5,8,2025-04-11,176
P0388,Farol decorativo,Decoracion,255,23,32,2025-05-17,12
P0389,Mascarilla coreana,Belleza,72,25,13,2025-06-11,260
P0390,Luz LED USB,Electronica,232,63,128,2025-10-10,325
P0391,Pijama,Ropa,205,29,148,2025-06-03,133
P0392,Palillos chinos,Cocina,274,54,134,2025-07-30,60
P0393,Pijama,Ropa,222,7,76,2025-10-13,277
P0394,Lapicero gel,Papeleria,199,37,34,2025-02-10,307
P0395,Caja multiuso,Hogar,84,61,23,2025-06-25,150
P0396,Shampoo canino,Mascotas,117,15,94,2025-09-28,347
P0397,Palillos chinos,Cocina,221,20,66,2025-09-05,156
P0398,Crema hidratante,Belleza,210,24,124,2025-01-01,247
P0399,Cepillo facial,Belleza,76,8,47,2025-10-21,143
P0400,Figura Feng Shui,Decoracion,126,57,46,2025-05-22,39
P0401,Pijama,Ropa,261,10,91,2025-12-20,46
P0402,Luz LED USB,Electronica,109,76,35,2025-05-27,30
P0403,Ramen coreano,Comida Asiatica,290,44,88,2025-09-27,154
P0404,Cable Tipo C,Electronica,159,52,83,2025-04-20,275
P0405,Polo basico,Ropa,215,67,73,2025-09-08,124
P0406,Mascarilla coreana,Belleza,284,51,142,2025-04-30,317
P0407,Ramen coreano,Comida Asiatica,295,13,64,2025-06-10,308
P0408,Medias termicas,Ropa,212,57,78,2025-08-10,41
P0409,Salsa de soya,Comida Asiatica,77,12,2,2025-12-27,125
P0410,Mini ventilador USB,Electronica,129,59,16,2025-03-03,158
P0411,Sarten antiadherente,Cocina,73,54,149,2025-11-21,304
P0412,Te verde japones,Comida Asiatica,181,37,137,2025-11-20,35
P0413,Correa retractil,Mascotas,225,69,8,2025-10-28,343
P0414,Lapicero gel,Papeleria,85,50,47,2025-01-15,361
P0415,Vaporizador de bambu,Cocina,102,26,21,2025-11-03,38
P0416,Ramen coreano,Comida Asiatica,166,55,132,2025-11-07,348
P0417,Mochi,Comida Asiatica,76,70,91,2025-12-27,257
P0418,Stickers decorativos,Papeleria,271,29,145,2025-03-02,268
P0419,Luz LED USB,Electronica,292,12,124,2025-12-28,93
P0420,Plato para mascotas,Mascotas,151,39,84,2025-11-08,177
P0421,Mini ventilador USB,Electronica,199,12,43,2025-12-19,90
P0422,Mascarilla coreana,Belleza,254,53,62,2025-04-16,363
P0423,Luz LED USB,Electronica,242,13,88,2025-02-06,305
P0424,Polo basico,Ropa,286,55,59,2025-07-02,41
P0425,Mascarilla coreana,Belleza,201,15,147,2025-11-29,127
P0426,Juguete para perro,Mascotas,28,76,109,2025-09-25,240
P0427,Shampoo canino,Mascotas,99,73,8,2025-06-02,347
P0428,Crema hidratante,Belleza,224,53,84,2025-12-04,146
P0429,Repisa modular,Hogar,170,40,82,2025-05-27,239
P0430,Cuaderno kawaii,Papeleria,234,19,41,2025-09-15,285
P0431,Medias termicas,Ropa,275,18,51,2025-04-28,201
P0432,Pijama,Ropa,37,7,84,2025-06-04,117
P0433,Organizador plastico,Hogar,175,7,144,2025-12-16,296
P0434,Organizador plastico,Hogar,277,39,65,2025-11-07,301
P0435,Incienso japones,Decoracion,71,53,127,2025-08-11,279
P0436,Cuaderno kawaii,Papeleria,293,25,107,2025-05-26,99
P0437,Mascarilla coreana,Belleza,131,34,108,2025-12-20,288
P0438,Sarten antiadherente,Cocina,165,48,79,2025-02-10,63
P0439,Cepillo facial,Belleza,57,36,57,2025-04-28,100
P0440,Correa retractil,Mascotas,165,41,7,2025-07-15,56
P0441,Arena para gato,Mascotas,56,24,19,2025-06-06,202
P0442,Repisa modular,Hogar,135,15,49,2025-10-21,64
P0443,Farol decorativo,Decoracion,185,60,65,2025-01-31,113
P0444,Organizador plastico,Hogar,76,79,45,2025-09-17,154
P0445,Cable Tipo C,Electronica,243,55,50,2025-09-19,315
P0446,Farol decorativo,Decoracion,131,41,124,2025-12-23,35
P0447,Crema hidratante,Belleza,205,22,113,2025-10-12,77
P0448,Ramen coreano,Comida Asiatica,118,26,68,2025-03-10,165
P0449,Polo basico,Ropa,171,57,123,2025-12-09,42
P0450,Repisa modular,Hogar,118,55,85,2025-01-21,300
P0451,Cepillo facial,Belleza,101,67,24,2025-05-05,111
P0452,Escoba plegable,Hogar,282,28,19,2025-06-14,341
P0453,Cuaderno kawaii,Papeleria,154,40,118,2025-05-27,64
P0454,Farol decorativo,Decoracion,276,58,47,2025-05-20,246
P0455,Farol decorativo,Decoracion,14,60,20,2025-02-15,12
P0456,Mini ventilador USB,Electronica,156,30,48,2025-04-18,236
P0457,Fideos udon,Comida Asiatica,237,79,143,2025-07-22,192
P0458,Pijama,Ropa,251,55,82,2025-04-02,175
P0459,Te verde japones,Comida Asiatica,172,52,73,2025-11-24,116
P0460,Arena para gato,Mascotas,234,76,147,2025-03-04,294
P0461,Sarten antiadherente,Cocina,22,51,31,2025-07-27,114
P0462,Mini ventilador USB,Electronica,223,47,67,2025-02-23,298
P0463,Farol decorativo,Decoracion,178,28,35,2025-07-03,286
P0464,Medias termicas,Ropa,172,23,114,2025-09-21,282
P0465,Plato para mascotas,Mascotas,74,40,25,2025-02-06,1
P0466,Incienso japones,Decoracion,241,12,133,2025-07-07,128
P0467,Pijama,Ropa,266,40,35,2025-07-13,191
P0468,Stickers decorativos,Papeleria,274,38,128,2025-09-17,358
P0469,Taza termica,Cocina,268,18,34,2025-02-14,61
P0470,Sarten antiadherente,Cocina,25,70,145,2025-06-11,234
P0471,Audifonos Bluetooth,Electronica,22,60,111,2025-10-17,295
P0472,Taza termica,Cocina,224,59,27,2025-04-28,221
P0473,Mascarilla coreana,Belleza,242,34,13,2025-01-21,53
P0474,Palillos chinos,Cocina,290,35,81,2025-07-02,23
P0475,Mochi,Comida Asiatica,157,36,114,2025-01-14,178
P0476,Te verde japones,Comida Asiatica,31,34,4,2025-07-24,59
P0477,Crema hidratante,Belleza,21,35,34,2025-12-04,248
P0478,Escoba plegable,Hogar,84,53,79,2025-08-29,349
P0479,Repisa modular,Hogar,223,42,87,2025-03-29,306
P0480,Cuaderno kawaii,Papeleria,166,32,139,2025-05-01,65
P0481,Palillos chinos,Cocina,171,48,100,2025-12-04,307
P0482,Palillos chinos,Cocina,207,60,145,2025-07-05,218
P0483,Juguete para perro,Mascotas,226,59,138,2025-06-24,23
P0484,Incienso japones,Decoracion,244,17,101,2025-01-24,364
P0485,Juguete para perro,Mascotas,290,77,21,2025-12-06,211
P0486,Farol decorativo,Decoracion,110,52,103,2025-01-28,41
P0487,Sarten antiadherente,Cocina,155,75,13,2025-07-29,229
P0488,Fideos udon,Comida Asiatica,25,13,73,2025-06-15,310
P0489,Lapicero gel,Papeleria,109,49,137,2025-08-04,264
P0490,Crema hidratante,Belleza,12,32,70,2025-05-29,28
P0491,Lapicero gel,Papeleria,74,25,13,2025-11-09,49
P0492,Luz LED USB,Electronica,147,57,44,2025-10-30,53
P0493,Farol decorativo,Decoracion,289,6,81,2025-12-22,138
P0494,Palillos chinos,Cocina,120,21,12,2025-07-01,24
P0495,Medias termicas,Ropa,197,69,84,2025-04-29,156
P0496,Juguete para perro,Mascotas,195,31,134,2025-08-12,153
P0497,Correa retractil,Mascotas,16,61,126,2025-01-12,16
P0498,Incienso japones,Decoracion,144,55,75,2025-09-21,225
P0499,Mascarilla coreana,Belleza,54,63,132,2025-04-14,195
P0500,Polo basico,Ropa,107,32,79,2025-05-04,218
